date,open,close,high
19-03-2007,1000,947.8,1105
20-03-2007,957.8,942.39,957.8
21-03-2007,948,945.67,948.5
22-03-2007,950,950.15,951.9
23-03-2007,950,947.18,951
26-03-2007,945,940.71,945
28-03-2007,944.98,943.65,948
29-03-2007,944.86,946.9,948.45
30-03-2007,948,947.05,948
02-04-2007,950,944.82,951.4
03-04-2007,945.82,940.38,945.95
04-04-2007,941,939.62,941
05-04-2007,949,946.37,949
09-04-2007,945.1,945.83,947
10-04-2007,945.83,948.79,952.98
11-04-2007,937.1,948.89,950.5
12-04-2007,949.99,948.18,951
13-04-2007,948,948.41,950.99
16-04-2007,952,949.41,958
17-04-2007,949.41,943.37,957.5
18-04-2007,941.51,946.23,947.89
19-04-2007,954.4,951.35,965
20-04-2007,969.95,946.9,969.95
23-04-2007,947.01,946.2,952.4
24-04-2007,946.2,934.51,946.5
25-04-2007,935,928.09,937
26-04-2007,930,921.87,930
27-04-2007,920,910.08,920
30-04-2007,919.89,921.58,924
03-05-2007,921,914.63,921
04-05-2007,918,917.15,918.6
07-05-2007,939.97,920.8,939.97
08-05-2007,921,921.26,924
09-05-2007,920,921.3,924
10-05-2007,921.3,916.08,921.5
11-05-2007,895,907.5,915
14-05-2007,912,908.3,912
15-05-2007,904,898.07,905
16-05-2007,898.07,901.55,914.45
17-05-2007,887,890.62,895
18-05-2007,890,888.93,890
21-05-2007,888,885.22,889.94
22-05-2007,888,885.44,888
23-05-2007,883.15,879.76,884.95
24-05-2007,885,882.09,885
25-05-2007,877,875.39,879
28-05-2007,877,875.84,877
29-05-2007,875.84,876.74,882.2
30-05-2007,876.74,878.8,880.99
31-05-2007,879.99,878.85,881.98
01-06-2007,878.85,883.69,887
04-06-2007,883.69,889.31,891.92
05-06-2007,894.7,892.78,896.99
06-06-2007,894.95,895.91,896.78
07-06-2007,980,894.27,980
08-06-2007,889,885.35,894
11-06-2007,890,877.06,890
12-06-2007,878.9,874.96,878.9
13-06-2007,874,868.68,874.5
14-06-2007,877.99,874.3,877.99
15-06-2007,882,874.72,882
18-06-2007,870.55,881.32,882
19-06-2007,881,877.56,881
20-06-2007,915,882.03,915
21-06-2007,880.1,876.58,880.99
22-06-2007,876,872.82,876
25-06-2007,872.82,874.18,877.89
26-06-2007,875.25,869.99,875.55
27-06-2007,869.99,863.91,869.99
28-06-2007,863.05,866.79,869.3
29-06-2007,869.25,868.52,871.99
01-01-2008,1060,1062.56,1064.95
02-01-2008,1050,1061.73,1063.65
03-01-2008,1060,1082.5,1085.75
04-01-2008,1082.5,1081.76,1095
07-01-2008,1078,1082.7,1090
08-01-2008,1085,1092.17,1093.9
09-01-2008,1100,1116.8,1120
10-01-2008,1135,1111.41,1135
11-01-2008,1115.4,1125,1132
14-01-2008,1130,1156.66,1162.9
15-01-2008,1160,1155.91,1164
16-01-2008,1294,1117.4,1294
17-01-2008,1115,1121.24,1129.64
18-01-2008,1128,1113.76,1128
21-01-2008,1110.05,1104.06,1143.9
22-01-2008,1050,1089.93,1100
23-01-2008,1051.2,1130.56,1138
24-01-2008,1130.1,1133.13,1175
25-01-2008,1130,1161.15,1170
28-01-2008,1130.1,1160.53,1173.9
29-01-2008,1175,1170.83,1175
30-01-2008,1165,1173.63,1180
31-01-2008,1179.95,1179.76,1186
01-02-2008,1171,1179.78,1184
04-02-2008,1177.72,1161.39,1178
05-02-2008,1160.2,1142.66,1163
06-02-2008,1145.25,1154.59,1159.17
07-02-2008,1162.88,1162.99,1167.69
08-02-2008,1162,1170.17,1174.9
11-02-2008,1165,1184.84,1190.05
12-02-2008,1190,1168.6,1190
13-02-2008,1182.5,1163.07,1182.5
14-02-2008,1152,1163.45,1174
15-02-2008,1163,1165.09,1176.7
18-02-2008,1165,1166.04,1170
19-02-2008,1172.8,1169.83,1172.8
20-02-2008,1193,1185.07,1194.99
21-02-2008,1195,1206.42,1210
22-02-2008,1220,1211.43,1228.7
25-02-2008,1205,1234.27,1249
26-02-2008,1235.3,1208.66,1235.3
27-02-2008,1245,1234.11,1263.59
28-02-2008,1234.3,1235.34,1238
29-02-2008,1239.34,1249.29,1255
03-03-2008,1260,1289.53,1294
04-03-2008,1299.98,1289.21,1305
05-03-2008,1281,1269.01,1281
07-03-2008,1275,1303.4,1311
10-03-2008,1300,1286.78,1304.9
11-03-2008,1286.78,1280.85,1286.78
12-03-2008,1280.85,1264.12,1293.75
13-03-2008,1276,1295.84,1300
14-03-2008,1301.05,1306.2,1314.88
17-03-2008,1330,1358.93,1380
18-03-2008,1355,1324.33,1355
19-03-2008,1310,1299.4,1310
24-03-2008,1250,1194.98,1250
25-03-2008,1215,1202.82,1215
26-03-2008,1210,1214.96,1230
27-03-2008,1242.98,1220.2,1245
28-03-2008,1242,1221.22,1242
31-03-2008,1215,1216.94,1220
01-04-2008,1200,1167.69,1209.8
02-04-2008,1150,1160.07,1174
03-04-2008,1170,1171.13,1188
04-04-2008,1180,1176.84,1181
07-04-2008,1189.9,1178.63,1192
08-04-2008,1191,1198.86,1210
09-04-2008,1198.86,1175.11,1198.86
10-04-2008,1200,1204.36,1209.85
11-04-2008,1200,1195.94,1201.89
15-04-2008,1205,1201.93,1211
16-04-2008,1200,1215.09,1225
17-04-2008,1215,1238.87,1243.11
21-04-2008,1192,1196.38,1211.5
22-04-2008,1214.5,1193.83,1214.5
23-04-2008,1199,1194.3,1204.99
24-04-2008,1194.3,1168.19,1194.3
25-04-2008,1168.19,1160.11,1174.9
28-04-2008,1168,1170.31,1174
29-04-2008,1164,1168.61,1178.9
30-04-2008,1161.1,1152.03,1161.1
02-05-2008,1151,1140.42,1151
05-05-2008,1140.01,1139.68,1150
06-05-2008,1141,1167.79,1170
07-05-2008,1189,1178.05,1190
08-05-2008,1188.97,1178.09,1188.97
09-05-2008,1180,1189.3,1192.4
12-05-2008,1185,1187.57,1191.99
13-05-2008,1190.45,1186.47,1195
14-05-2008,1190,1186.03,1190
15-05-2008,1192.45,1187.83,1192.45
16-05-2008,1195.5,1208.48,1210
20-05-2008,1210.05,1239.65,1243.45
21-05-2008,1250,1274.09,1279.9
22-05-2008,1285,1281.18,1302.68
23-05-2008,1256,1278.32,1280
26-05-2008,1270,1270.65,1295
27-05-2008,1271,1282.51,1287
28-05-2008,1265.6,1236.52,1265.6
29-05-2008,1224.15,1246.72,1264.7
30-05-2008,1211,1214.08,1225
02-06-2008,1214.08,1218.65,1227.9
03-06-2008,1219,1238.23,1240.9
04-06-2008,1230,1215.49,1230
05-06-2008,1207,1212.38,1222.1
06-06-2008,1210,1221.59,1225
09-06-2008,1260,1257.67,1262.99
10-06-2008,1245.05,1231.59,1255
11-06-2008,1219.25,1216.82,1219.25
12-06-2008,1215,1210.67,1219.99
13-06-2008,1209,1204.95,1218.9
16-06-2008,1210,1211.98,1216.2
17-06-2008,1220,1226.48,1234.9
18-06-2008,1220,1225.12,1234
19-06-2008,1230,1234.59,1238.95
20-06-2008,1240,1244,1250
23-06-2008,1244.2,1259.58,1265.99
24-06-2008,1240,1239.57,1241.35
25-06-2008,1233,1230,1239.69
26-06-2008,1229,1234.61,1237.4
27-06-2008,1250,1281.07,1284.97
30-06-2008,1303,1312.08,1321
01-07-2008,1300,1304.92,1307.99
02-07-2008,1325,1300.47,1325
03-07-2008,1306,1315.93,1329.99
04-07-2008,1315.93,1303.83,1317.7
07-07-2008,1303.5,1294.28,1303.5
08-07-2008,1291.2,1303.99,1307.5
09-07-2008,1299,1289.19,1299
10-07-2008,1290.1,1299.07,1303
11-07-2008,1300,1317.43,1320
14-07-2008,1320,1330.27,1339.99
15-07-2008,1350,1372.73,1377.89
16-07-2008,1372,1362.1,1372
17-07-2008,1350,1335.48,1350
18-07-2008,1326,1328.78,1334.99
21-07-2008,1316.05,1335.4,1338.5
22-07-2008,1346,1342.03,1346.99
23-07-2008,1325,1270.28,1325
24-07-2008,1265,1276.93,1284.9
25-07-2008,1283.99,1276.42,1283.99
28-07-2008,1277,1275.96,1278.83
29-07-2008,1279.99,1278.03,1290
30-07-2008,1278.9,1251.91,1283.99
31-07-2008,1252,1259.1,1261.99
01-08-2008,1260,1251.15,1262.99
04-08-2008,1251.15,1250.78,1260
05-08-2008,1240,1213.5,1240
06-08-2008,1213,1219.14,1225
07-08-2008,1215,1207.38,1224.9
08-08-2008,1213.99,1206.32,1213.99
11-08-2008,1200,1190.73,1205
12-08-2008,1170,1184.56,1192
13-08-2008,1182,1176.75,1193
14-08-2008,1189,1190.9,1198
18-08-2008,1188,1172.38,1191
19-08-2008,1187,1176.59,1187
20-08-2008,1191,1180.23,1191
21-08-2008,1180,1200.28,1202
22-08-2008,1204,1191.19,1220
25-08-2008,1192,1183.92,1192
26-08-2008,1196,1166.93,1196
27-08-2008,1171.99,1186.79,1190
28-08-2008,1190,1185.1,1190
29-08-2008,1185,1188.53,1191
01-09-2008,1193,1192.43,1198
02-09-2008,1194,1168.36,1194
04-09-2008,1170,1171.49,1174.99
05-09-2008,1165,1161.14,1173
08-09-2008,1169.99,1162.73,1175
09-09-2008,1170,1162.18,1170
10-09-2008,1160,1146.83,1160
11-09-2008,1146,1129.58,1146
12-09-2008,1135.99,1134.39,1138.99
15-09-2008,1148.99,1153.62,1186.99
16-09-2008,1140,1167.36,1169.5
17-09-2008,1088.99,1168.88,1170
18-09-2008,1250,1256.48,1270
19-09-2008,1255.05,1226.4,1255.05
22-09-2008,1220,1251.71,1256
23-09-2008,1265,1264.75,1290
24-09-2008,1267,1261.44,1267
25-09-2008,1265,1265.34,1269
26-09-2008,1252,1260.83,1267.9
29-09-2008,1268,1283.92,1288.99
30-09-2008,1309,1287.24,1319
01-10-2008,1287.24,1268.4,1290
03-10-2008,1251,1249.38,1265
06-10-2008,1230,1272.43,1284.9
07-10-2008,1294.7,1307.11,1310
08-10-2008,1319.9,1334.7,1343.9
10-10-2008,1340,1368.45,1379
13-10-2008,1351.05,1292.67,1351.05
14-10-2008,1289.99,1274.94,1289.99
15-10-2008,1263.3,1297.87,1425
16-10-2008,1295,1290.71,1325
17-10-2008,1275,1254.72,1275
20-10-2008,1251,1250.67,1258
21-10-2008,1255,1231.93,1260.2
22-10-2008,1230,1201.93,1230
23-10-2008,1181,1167.56,1194
24-10-2008,1166,1130.9,1174
27-10-2008,1147.2,1143.02,1170
28-10-2008,1188,1194.05,1199
29-10-2008,1200,1190.99,1200
31-10-2008,1179,1156.32,1179.95
03-11-2008,1160.01,1161.52,1173
04-11-2008,1161.52,1138.62,1161.52
05-11-2008,1145,1154.94,1159.94
06-11-2008,1154.94,1147.44,1154.94
07-11-2008,1133.4,1147.7,1151.5
10-11-2008,1155,1157.28,1162.8
11-11-2008,1146.01,1155.89,1159
12-11-2008,1159.9,1158.83,1160
14-11-2008,1158.83,1157.41,1163.61
17-11-2008,1164.45,1173.38,1177.99
18-11-2008,1173.38,1174,1179.5
19-11-2008,1171.1,1178,1179.8
20-11-2008,1174,1201.94,1207
21-11-2008,1202,1204.77,1215
24-11-2008,1240,1270.18,1275
25-11-2008,1275,1292.16,1296.95
26-11-2008,1285,1274.83,1297
28-11-2008,1299,1271.85,1299
01-12-2008,1273.1,1275.27,1283
02-12-2008,1275,1231,1275
03-12-2008,1220.01,1254.49,1299
04-12-2008,1244,1234.83,1250.01
05-12-2008,1225,1227.17,1245
08-12-2008,1230,1231.18,1233
10-12-2008,1230,1235.05,1245
11-12-2008,1244,1260.31,1266
12-12-2008,1269,1256.59,1275.5
15-12-2008,1259.97,1265.66,1275
16-12-2008,1255,1271.23,1276.1
17-12-2008,1278,1285.15,1292
18-12-2008,1289.99,1296.49,1299
19-12-2008,1295,1268.67,1295
22-12-2008,1275,1278.89,1280
23-12-2008,1290,1286.74,1292
24-12-2008,1279,1288.94,1295
26-12-2008,1290.1,1285.15,1292
29-12-2008,1295,1329.79,1333.67
30-12-2008,1340,1319.89,1340
31-12-2008,1326,1321.93,1326
01-01-2009,1325.6,1338.65,1344.78
02-01-2009,1330,1339.13,1343
05-01-2009,1326.3,1321.32,1332
06-01-2009,1320,1304.22,1320
07-01-2009,1307,1322.67,1325
09-01-2009,1306,1314.62,1320
12-01-2009,1318.9,1317.74,1319.9
13-01-2009,1300,1292.52,1300
14-01-2009,1286,1299.67,1307.89
15-01-2009,1298.95,1284.06,1298.95
16-01-2009,1289.99,1298.16,1300
19-01-2009,1310,1311.8,1314.9
20-01-2009,1314.99,1307.87,1314.99
21-01-2009,1313.11,1343.95,1350
22-01-2009,1329,1334.58,1337
23-01-2009,1335,1348.81,1362
27-01-2009,1370,1369.48,1391
28-01-2009,1389,1351.42,1389
29-01-2009,1351.42,1344.09,1357
30-01-2009,1365,1403.02,1406.98
02-02-2009,1395,1400.89,1410
03-02-2009,1389,1390.02,1398
04-02-2009,1350,1380.49,1391
05-02-2009,1380.6,1391.99,1398.65
06-02-2009,1393,1396.4,1403.99
09-02-2009,1400,1389.65,1405
10-02-2009,1380,1385.31,1388
11-02-2009,1395.5,1415.12,1417.9
12-02-2009,1425,1446.48,1449.99
13-02-2009,1450,1441.87,1450
16-02-2009,1445,1451.4,1454.99
17-02-2009,1462,1502.54,1504.88
18-02-2009,1535,1556.04,1563.1
19-02-2009,1565,1538.24,1574
20-02-2009,1530,1546.53,1550
24-02-2009,1565,1544.16,1574
25-02-2009,1520.25,1497.5,1538.5
26-02-2009,1505.01,1490.64,1518.99
27-02-2009,1460.01,1503.67,1512
02-03-2009,1520,1543.13,1549
03-03-2009,1519.9,1507.26,1519.9
04-03-2009,1499.9,1491.32,1499.9
05-03-2009,1455,1490.92,1494.79
06-03-2009,1511,1526.25,1530
09-03-2009,1527,1524.59,1530
12-03-2009,1500,1495.95,1500
13-03-2009,1500.01,1502.88,1512.99
16-03-2009,1508,1504.41,1509
17-03-2009,1500,1494.98,1500
18-03-2009,1489.9,1485.21,1490
19-03-2009,1510,1491.58,1510.05
20-03-2009,1505,1527.83,1530
23-03-2009,1524,1530.24,1533.7
24-03-2009,1510,1506.49,1514.9
25-03-2009,1500.01,1487.77,1506.9
26-03-2009,1492.52,1506.36,1508
27-03-2009,1500,1506.5,1523.98
30-03-2009,1504,1505.72,1510
31-03-2009,1496,1491.57,1504
01-04-2009,1490,1490.41,1499.25
02-04-2009,1491,1473.23,1497
06-04-2009,1441.01,1403.94,1441.01
08-04-2009,1426,1434.98,1442
09-04-2009,1429,1419.61,1429
13-04-2009,1415,1420.47,1424.2
15-04-2009,1437.99,1426.34,1437.99
16-04-2009,1415,1421.39,1425
17-04-2009,1415,1395.4,1415
20-04-2009,1400,1400.62,1403.99
21-04-2009,1420.1,1424.86,1430
22-04-2009,1424,1422.68,1429.8
23-04-2009,1425,1426.13,1430
24-04-2009,1440.04,1456.14,1466
27-04-2009,1499,1463.44,1499
28-04-2009,1460,1452.79,1460
29-04-2009,1445,1436.29,1448
04-05-2009,1430,1423.48,1430
05-05-2009,1439,1425.97,1443
06-05-2009,1430,1430.34,1436.98
07-05-2009,1440.05,1445.05,1446.9
08-05-2009,1449.9,1443.52,1449.9
11-05-2009,1444.98,1444.01,1450
12-05-2009,1438,1441.73,1447.23
13-05-2009,1450.15,1462.4,1465
14-05-2009,1470,1464.24,1471.85
15-05-2009,1470,1462.96,1470
18-05-2009,1462.96,1462.96,1462.96
19-05-2009,1440,1408.59,1440
20-05-2009,1408,1406,1452.05
21-05-2009,1410,1423.26,1435
22-05-2009,1427,1433.56,1443.99
25-05-2009,1430,1438.23,1448.99
26-05-2009,1440,1438.28,1449.8
27-05-2009,1430,1444.74,1445
28-05-2009,1445,1451.36,1454.95
29-05-2009,1458,1464.8,1475
01-06-2009,1484,1479.11,1489.9
02-06-2009,1474,1465.32,1478.75
03-06-2009,1481,1473.23,1481
04-06-2009,1465.1,1465.6,1473.59
05-06-2009,1482,1475.7,1482
08-06-2009,1471,1444.15,1471
09-06-2009,1440,1442.4,1454.9
10-06-2009,1444,1455.63,1457.5
11-06-2009,1455,1452.85,1456.75
12-06-2009,1455,1444.59,1455
15-06-2009,1449,1431.53,1449
16-06-2009,1430.5,1432.91,1434.89
17-06-2009,1420,1430.36,1444
18-06-2009,1435.5,1441.15,1446.99
19-06-2009,1436.5,1437.16,1443
22-06-2009,1440.07,1431.06,1444
23-06-2009,1430,1431.78,1436.25
24-06-2009,1430,1436.62,1439.9
25-06-2009,1439,1448.73,1453
26-06-2009,1450.1,1456.65,1460
29-06-2009,1449,1443.77,1449.8
30-06-2009,1443.77,1443.63,1448.59
01-07-2009,1449.9,1431.25,1449.9
02-07-2009,1432,1436.92,1440.99
03-07-2009,1437.5,1431.97,1442.87
06-07-2009,1432,1442.43,1447.96
07-07-2009,1439.9,1446.25,1449.85
08-07-2009,1446,1443.22,1560
09-07-2009,1443.4,1436.19,1443.4
10-07-2009,1436.19,1431.91,1436.19
13-07-2009,1444.9,1443.15,1448
14-07-2009,1440.01,1450.5,1454.72
15-07-2009,1454.75,1455.34,1458
16-07-2009,1460.9,1469.35,1470.9
17-07-2009,1470,1469.55,1472.8
20-07-2009,1465,1474.5,1476.95
21-07-2009,1479.5,1476.74,1479.5
22-07-2009,1477.8,1473.2,1482.5
23-07-2009,1473.2,1485.67,1487
24-07-2009,1481.05,1478.89,1487
27-07-2009,1479,1483.59,1484.95
28-07-2009,1480,1480.08,1485
29-07-2009,1476,1456.95,1476
30-07-2009,1454.8,1452.65,1460
31-07-2009,1459.99,1454.77,1459.99
03-08-2009,1457,1467.7,1475
04-08-2009,1465,1464.29,1490
05-08-2009,1470.1,1478.7,1480
06-08-2009,1478.7,1477.05,1482
07-08-2009,1484.99,1482.94,1484.99
10-08-2009,1482,1473.35,1483
11-08-2009,1470,1464.87,1470
12-08-2009,1464,1472.39,1474.9
13-08-2009,1472,1481.52,1483.85
14-08-2009,1471.05,1487.61,1490
17-08-2009,1486,1476.9,1487.99
18-08-2009,1484.9,1476.14,1484.9
19-08-2009,1478.05,1473.87,1483.3
20-08-2009,1476,1479.31,1481.5
21-08-2009,1480.5,1477.88,1480.5
24-08-2009,1480,1491.3,1494.95
25-08-2009,1488.8,1488.11,1493.5
26-08-2009,1489,1492.93,1494
27-08-2009,1495.1,1489.7,1498
28-08-2009,1490,1493.12,1504.99
31-08-2009,1500,1504.88,1509
01-09-2009,1500,1499.99,1507.67
02-09-2009,1499.99,1510.53,1513.02
03-09-2009,1525,1555.76,1558
04-09-2009,1570,1555.55,1570.99
07-09-2009,1556,1566.1,1575
08-09-2009,1570,1576.04,1583
09-09-2009,1582,1559.89,1582
10-09-2009,1555,1546.77,1559.98
11-09-2009,1553,1568.28,1569.9
14-09-2009,1578,1569.87,1584
15-09-2009,1579.49,1568.82,1579.49
16-09-2009,1561,1586.15,1591
17-09-2009,1592,1584.03,1592
18-09-2009,1580,1575.98,1583
22-09-2009,1575,1574.07,1579
23-09-2009,1569,1573.71,1575
24-09-2009,1574,1566.7,1574.99
25-09-2009,1566,1547.14,1566
29-09-2009,1550.1,1537.97,1550.1
30-09-2009,1544.7,1547.71,1549.99
01-10-2009,1549.85,1550.65,1556.99
05-10-2009,1552.7,1539.83,1552.7
06-10-2009,1554.99,1549.49,1554.99
07-10-2009,1560,1576.23,1580.99
08-10-2009,1578.9,1576.93,1581
09-10-2009,1569,1569.34,1576
12-10-2009,1579.9,1577.59,1580
14-10-2009,1589,1582.4,1595
15-10-2009,1585,1561.7,1585
16-10-2009,1562,1562.75,1565
17-10-2009,1580,1572.67,1600
20-10-2009,1595,1576.17,1595
21-10-2009,1580,1570.22,1580
22-10-2009,1580,1578.12,1580
23-10-2009,1585,1579.54,1585
26-10-2009,1584.6,1574.96,1584.6
27-10-2009,1574,1563.56,1574
28-10-2009,1578,1565.71,1578
29-10-2009,1590,1563.69,1590
30-10-2009,1574.8,1571.69,1574.8
03-11-2009,1580,1596.21,1599
04-11-2009,1618,1640.5,1645
05-11-2009,1650,1643.27,1650
06-11-2009,1642,1641.53,1644.9
09-11-2009,1642,1652.86,1663
10-11-2009,1655.1,1646.49,1655.1
11-11-2009,1654,1660.52,1664.8
12-11-2009,1672,1668.82,1675.9
13-11-2009,1670,1652.75,1670
16-11-2009,1685,1675.76,1685
17-11-2009,1682,1682.76,1688.25
18-11-2009,1686,1701.2,1704.3
19-11-2009,1698,1697.34,1706
20-11-2009,1701.05,1710.51,1717.1
23-11-2009,1722,1739.15,1743.98
24-11-2009,1745,1746.95,1749
25-11-2009,1752,1751.28,1758.88
26-11-2009,1765,1767.52,1784.9
27-11-2009,1790,1739.12,1796.1
30-11-2009,1758,1743.6,1758
01-12-2009,1753.9,1776.47,1783
02-12-2009,1794,1800.17,1804.9
03-12-2009,1825,1803.42,1825
04-12-2009,1803,1783.35,1803
07-12-2009,1768.7,1708.97,1768.7
08-12-2009,1700,1735.67,1742.9
09-12-2009,1719.89,1701.61,1719.89
10-12-2009,1699.89,1686.95,1699.89
11-12-2009,1676,1701.05,1705
14-12-2009,1689.88,1683.49,1689.88
15-12-2009,1698.8,1674.45,1698.8
16-12-2009,1676,1694.56,1695.85
17-12-2009,1695,1692.04,1707.38
18-12-2009,1678,1663.12,1678
21-12-2009,1678.8,1671.79,1678.8
22-12-2009,1665,1646.47,1665
23-12-2009,1639.98,1629.7,1639.98
24-12-2009,1638,1657.9,1659.4
29-12-2009,1663.9,1654,1665.01
30-12-2009,1654,1637.43,1654
31-12-2009,1644,1651.59,1654.88
04-01-2010,1651.1,1653.88,1655.9
05-01-2010,1660,1669.32,1670.99
06-01-2010,1675.99,1660.41,1675.99
07-01-2010,1665,1659.07,1668.37
08-01-2010,1658,1650.62,1658
11-01-2010,1674.45,1679.82,1694
12-01-2010,1684.8,1679.98,1684.9
13-01-2010,1657.6,1655.65,1667.99
14-01-2010,1678,1661.51,1678
15-01-2010,1665,1663.05,1668.96
18-01-2010,1662.8,1660.28,1668.79
19-01-2010,1700,1664.9,1700
20-01-2010,1666,1663.1,1669
21-01-2010,1650,1635.65,1650
22-01-2010,1625,1623.14,1629
25-01-2010,1630,1630.13,1634.8
27-01-2010,1638,1625.52,1638
28-01-2010,1626,1617.16,1629.8
29-01-2010,1615,1607.39,1615
01-02-2010,1607.39,1609.48,1610.99
02-02-2010,1692.7,1642.65,1692.7
03-02-2010,1659.8,1652.47,1659.8
04-02-2010,1644,1634.13,1648
05-02-2010,1610,1577.41,1610
06-02-2010,1599,1605.31,1608
08-02-2010,1604.99,1607.08,1614.8
09-02-2010,1609.99,1599.31,1609.99
10-02-2010,1614,1606.89,1614
11-02-2010,1606.89,1607.34,1609
15-02-2010,1615,1630.8,1634
16-02-2010,1636,1646.05,1647
17-02-2010,1650,1648.16,1654
18-02-2010,1646,1631.78,1646
19-02-2010,1628,1638.62,1644.84
22-02-2010,1665,1650.6,1665
23-02-2010,1649,1639.37,1649
24-02-2010,1640,1620.48,1642
25-02-2010,1627.9,1623.01,1627.95
26-02-2010,1632.05,1650.64,1654
02-03-2010,1650.9,1656.4,1658.85
03-03-2010,1665.01,1677.66,1678.86
04-03-2010,1672,1679.46,1680.2
05-03-2010,1678,1671.42,1678
08-03-2010,1670,1664.42,1670
09-03-2010,1650,1644.08,1651.9
10-03-2010,1650,1646.04,1651
11-03-2010,1633,1627.97,1633
12-03-2010,1638.4,1637.41,1639.43
15-03-2010,1630,1623.4,1630
16-03-2010,1623,1636.09,1638
17-03-2010,1655,1648.4,1662
18-03-2010,1650,1642.93,1650
19-03-2010,1646.95,1644.09,1648.89
22-03-2010,1637,1620.27,1640
23-03-2010,1623.05,1620.28,1624
25-03-2010,1605,1605.86,1609.9
26-03-2010,1609.5,1603.72,1609.5
29-03-2010,1618,1613.67,1650
30-03-2010,1615,1612.22,1618.6
31-03-2010,1613,1608.23,1614.94
01-04-2010,1609,1615.34,1618.9
05-04-2010,1617.8,1618.43,1627.76
06-04-2010,1629.5,1612.97,1629.5
07-04-2010,1615,1626.27,1629.4
08-04-2010,1633.01,1642.99,1645.8
09-04-2010,1650,1649.45,1679.8
12-04-2010,1650.05,1658.24,1662.7
13-04-2010,1655,1648.91,1655
15-04-2010,1647.55,1648.92,1655
16-04-2010,1650,1651.94,1655
19-04-2010,1639,1621.24,1640.49
20-04-2010,1625,1636.03,1637.99
21-04-2010,1635,1636.82,1639
22-04-2010,1648,1639.73,1648
23-04-2010,1633.2,1632.32,1638
26-04-2010,1642,1648.25,1652.29
27-04-2010,1650,1644.91,1652
28-04-2010,1653,1661.4,1664.9
29-04-2010,1665,1669.4,1670
30-04-2010,1670,1671.2,1672.8
03-05-2010,1679,1682.8,1685.8
04-05-2010,1688.8,1689.1,1690
05-05-2010,1690.1,1682.9,1690.1
06-05-2010,1690,1700.15,1702
07-05-2010,1709,1740.85,1747
10-05-2010,1738,1708.2,1801
11-05-2010,1732.65,1743.35,1746
12-05-2010,1760,1786.55,1789
13-05-2010,1790,1777.6,1790
14-05-2010,1780,1795.7,1800
16-05-2010,1800,1800.6,1829.5
17-05-2010,1781.05,1791.15,1809.8
18-05-2010,1797.2,1765.05,1797.2
19-05-2010,1778,1785.5,1793.95
20-05-2010,1787,1768.65,1787
21-05-2010,1765.1,1768.75,1773.8
24-05-2010,1770,1771.7,1774.65
25-05-2010,1777,1797.6,1801
26-05-2010,1803.1,1823.7,1825.9
27-05-2010,1798,1810.2,1839
28-05-2010,1809.8,1794.85,1809.8
31-05-2010,1800,1797.3,1840
01-06-2010,1800,1834.8,1840
02-06-2010,1836,1830.15,1847
03-06-2010,1830.15,1814.2,1832.5
04-06-2010,1812.2,1799.4,1812.2
07-06-2010,1836,1836.1,1845
08-06-2010,1844,1878.9,1881
09-06-2010,1875,1859.85,1875
10-06-2010,1856,1838.45,1856
11-06-2010,1835,1832.55,1835
14-06-2010,1857.95,1835,1857.95
15-06-2010,1832,1826.5,1834.45
16-06-2010,1832,1840.2,1842.8
17-06-2010,1840,1833.6,1846.3
18-06-2010,1849.9,1841.5,1849.9
21-06-2010,1845,1844.45,1950
22-06-2010,1838,1827.4,1838
23-06-2010,1839.8,1842.5,1844.7
24-06-2010,1840,1832.1,1842
25-06-2010,1845,1850.2,1852.95
28-06-2010,1853.5,1854.25,1856.85
29-06-2010,1844,1844,1847.9
30-06-2010,1832.1,1853.1,1859.6
01-07-2010,1853,1855.55,1861.95
02-07-2010,1834,1810.75,1834
05-07-2010,1829,1816.55,1829
06-07-2010,1816,1818.25,1821
07-07-2010,1814.8,1797.55,1814.8
08-07-2010,1819,1809.25,1819
09-07-2010,1808.95,1794.25,1808.95
12-07-2010,1795,1807.3,1813
13-07-2010,1814,1809.65,1814
14-07-2010,1810.3,1814.05,1815.9
15-07-2010,1813,1814.7,1819.2
16-07-2010,1805,1807.55,1819.85
19-07-2010,1805,1796.7,1805
20-07-2010,1800,1789.35,1800
21-07-2010,1793,1802.1,1804.8
22-07-2010,1800,1794.9,1804.9
23-07-2010,1800,1804.05,1807
26-07-2010,1803,1791.75,1803
27-07-2010,1790,1774,1792
28-07-2010,1764,1742.65,1767
29-07-2010,1750,1748.9,1755
30-07-2010,1943,1753,1943
02-08-2010,1760,1751.3,1769.8
03-08-2010,1755,1754.75,1757.8
04-08-2010,1755,1770.7,1773.75
05-08-2010,1779,1771.75,1779
06-08-2010,1774,1766,1774
09-08-2010,1770,1783.1,1788
10-08-2010,1783.1,1778,1783.95
11-08-2010,1797,1788.35,1797
12-08-2010,1787,1800.95,1803
13-08-2010,1827,1817.3,1827
16-08-2010,1829.8,1831.6,1834.55
17-08-2010,1836.9,1830.65,1836.9
18-08-2010,1828,1825.45,1835
19-08-2010,1826,1829.6,1832.1
20-08-2010,1830,1835.7,1839
23-08-2010,1822,1832.85,1837
24-08-2010,1833,1830,1844.9
25-08-2010,1836,1854.95,1856
26-08-2010,1858.3,1855.15,1868
27-08-2010,1842.05,1854.05,1856.85
30-08-2010,1853,1854.45,1858
31-08-2010,1859,1857.35,1864
01-09-2010,1870.1,1874.35,1876.95
02-09-2010,1869,1865.8,1871.7
03-09-2010,1866.05,1868.9,1874.75
06-09-2010,1870,1858.7,1870
07-09-2010,1803,1866.75,1869
08-09-2010,1875,1878.7,1881.9
09-09-2010,1876,1866.3,1876
13-09-2010,1855,1844,1864.8
14-09-2010,1850,1861.4,1862.95
15-09-2010,1882,1884.25,1900
16-09-2010,1885,1877,1885
17-09-2010,1890,1877.8,1892.95
20-09-2010,1885,1869.3,1885
21-09-2010,1868,1870.45,1874
22-09-2010,1875,1871.2,1883.45
23-09-2010,1880,1877.5,1884.75
24-09-2010,1889,1876.25,1889
27-09-2010,1877,1871.6,1877
28-09-2010,1869,1862.15,1877.9
29-09-2010,1870,1882.35,1884.5
30-09-2010,1882.5,1880.65,1883.95
01-10-2010,1883,1872.95,1883
04-10-2010,1875,1874.45,1877.45
05-10-2010,1873,1891.7,1895
06-10-2010,1900,1910.05,1911.9
07-10-2010,1919,1918.6,1923.7
08-10-2010,1911.9,1887.05,1911.9
11-10-2010,1890,1913.2,1915
12-10-2010,1920,1918.2,1924
13-10-2010,1925,1930.25,1932
14-10-2010,1950,1947.5,1959.8
15-10-2010,1965,1934.35,1965
18-10-2010,1932.55,1920.9,1932.55
19-10-2010,1960,1938.45,1960
20-10-2010,1919.5,1901.15,1919.5
21-10-2010,1910,1917.65,1929
22-10-2010,1900,1894.1,1909
25-10-2010,1916.1,1909.05,1916.1
26-10-2010,1904,1895.55,1914.9
27-10-2010,1900.45,1894,1904
28-10-2010,1890.9,1886.8,1894.4
29-10-2010,1895.1,1895.05,1911.95
01-11-2010,1914,1936.2,1939.35
02-11-2010,1934.8,1928.1,1934.8
03-11-2010,1935.95,1927.65,1935.95
04-11-2010,1928,1930,1934.8
05-11-2010,2000,1948.7,2050
08-11-2010,1950,1958.85,1964.8
09-11-2010,1964,1982.75,1990
10-11-2010,1970,1985.05,1989
11-11-2010,1983,1988.25,1994.9
12-11-2010,1989,1969.75,1989
15-11-2010,2069,1960.95,2069
16-11-2010,1954,1962.75,1965
18-11-2010,1965.05,1961.3,1967.8
19-11-2010,1960.35,1964.85,1970
22-11-2010,1966,1966.55,1971.7
23-11-2010,1975,1983.4,1987
24-11-2010,1995,1999.95,2002
25-11-2010,1999,1993.85,1999
26-11-2010,1995,1995.45,1996.9
29-11-2010,1998.7,1992.95,1998.7
30-11-2010,1995,1990.25,1995
01-12-2010,1992,1997.3,2013.85
02-12-2010,2010,1998.45,2010
03-12-2010,1997,2001.45,2006
06-12-2010,2011.25,2023.35,2026.9
07-12-2010,2026.05,2027.4,2033
08-12-2010,2005,2004.6,2012
09-12-2010,2003,1996.25,2003
10-12-2010,2000.05,1997.55,2005.95
13-12-2010,2000,1999.65,2003.95
14-12-2010,2005,2011.1,2016
15-12-2010,2008.9,1997.9,2011.95
16-12-2010,1997.9,1999.05,2001.85
20-12-2010,2000,2000.5,2009.7
21-12-2010,1995,1997.85,2008.95
22-12-2010,2009,1995.6,2009
23-12-2010,1997,1986.6,1997
24-12-2010,1987,1994.3,1995.4
27-12-2010,1995,2003.1,2006
28-12-2010,2005.05,1999.8,2009
29-12-2010,2009.9,2013.4,2018
30-12-2010,2015.7,2018,2020
31-12-2010,2010.15,2009.9,2017
03-01-2011,2019,2021.15,2022.7
04-01-2011,2020,2013.4,2023.9
05-01-2011,1999,1992.35,1999.9
06-01-2011,1991,1981.4,1994.85
07-01-2011,1980,1967.2,1982
10-01-2011,1990,1973.9,1990
11-01-2011,1975,1977.15,1984.8
12-01-2011,1975,1982.6,1984.5
13-01-2011,1981.05,1984.65,1991.9
14-01-2011,1983.5,1975.65,1983.5
17-01-2011,1970,1968.25,1983.8
18-01-2011,1970.1,1977.85,1979.7
19-01-2011,1979,1973.15,1982.9
20-01-2011,1978.8,1978.9,1982.9
21-01-2011,1972,1956.85,1972
24-01-2011,1963,1961.4,1964.3
25-01-2011,1951,1930.95,1954
27-01-2011,1935,1947.2,1956
28-01-2011,1935,1920.15,1935
31-01-2011,1949,1956.3,1965
01-02-2011,1965,1947.45,1965
02-02-2011,1960,1942.1,1960
03-02-2011,1945,1930.1,1945
04-02-2011,1949,1958.05,1960
07-02-2011,1961,1953,1961
08-02-2011,1954,1958.4,1962.9
09-02-2011,1956.8,1964.75,1969.9
10-02-2011,1967,1970.6,1974.75
11-02-2011,1974,1965.95,1977.55
14-02-2011,1966.15,1965.95,1968.95
15-02-2011,1979,1977.6,1979.9
16-02-2011,1980,1984.6,1985
17-02-2011,1980,1989.35,1993
18-02-2011,1989.35,1995.65,1997.75
21-02-2011,1997.95,1999.2,2003
22-02-2011,2003,2003.7,2011.75
23-02-2011,2010,2005.6,2011
24-02-2011,2015,2032,2033
25-02-2011,2020,2019.1,2029.7
28-02-2011,2020.1,2019.7,2034.7
01-03-2011,2020,2024.75,2025.95
03-03-2011,2036.1,2041.6,2052.95
04-03-2011,2035,2027.65,2035
07-03-2011,2043,2054.2,2058
08-03-2011,2052,2043.25,2052
09-03-2011,2045,2041.65,2045
10-03-2011,2042.5,2043.7,2048.95
11-03-2011,2022,2030.05,2039
14-03-2011,2035,2034.15,2044
15-03-2011,2034,2023.85,2037.9
16-03-2011,2019.95,2006.95,2019.95
17-03-2011,2001,1999.15,2006
18-03-2011,2004,2023.85,2026
21-03-2011,2030,2038.45,2043.7
22-03-2011,2039,2041.7,2049
23-03-2011,2041.7,2039.5,2045
24-03-2011,2045,2046.7,2052
25-03-2011,2040,2033.3,2040
28-03-2011,2029,2024.2,2033
29-03-2011,2025,2009.1,2025
30-03-2011,2010,2015.95,2021
31-03-2011,2017.8,2024.3,2028
01-04-2011,2024.85,2029.4,2032
04-04-2011,2027.2,2023.85,2028.85
05-04-2011,2024.2,2022.85,2031
06-04-2011,2031.5,2045.35,2047
07-04-2011,2045,2042.85,2045.5
08-04-2011,2046,2057.85,2059.5
11-04-2011,2068,2067.45,2074
13-04-2011,2065,2059.1,2067
15-04-2011,2105.85,2077.95,2197.7
18-04-2011,2086.25,2088.3,2094
19-04-2011,2095,2110.35,2114
20-04-2011,2115,2113.6,2119
21-04-2011,2119.85,2114.4,2119.85
25-04-2011,2136.85,2142.2,2150
26-04-2011,2137,2121.7,2137
27-04-2011,2129.8,2124.2,2129.8
28-04-2011,2130.55,2157.75,2160
29-04-2011,2165,2156.6,2168.8
02-05-2011,2175,2192.7,2195.95
03-05-2011,2196,2178.8,2196
04-05-2011,2170,2164.2,2173
05-05-2011,2159.95,2141.2,2159.95
06-05-2011,2135,2156.1,2176
06-05-2011,2135,2156.1,2176
09-05-2011,2155.2,2137.15,2169.95
10-05-2011,2141,2148.4,2150
11-05-2011,2152.15,2156.8,2160
12-05-2011,2152,2121.75,2152
13-05-2011,2125.55,2151.6,2159.7
16-05-2011,2139.85,2133.95,2142.65
17-05-2011,2134.75,2134.85,2142
18-05-2011,2133,2130.2,2135.65
19-05-2011,2139.9,2125,2139.9
20-05-2011,2126.3,2136.5,2140
23-05-2011,2150,2160.3,2165.9
24-05-2011,2160,2170.75,2173.5
25-05-2011,2175,2183.15,2185.85
26-05-2011,2185.5,2173.8,2189.8
27-05-2011,2076,2178,2186
30-05-2011,2184.3,2181.45,2189.95
31-05-2011,2184.9,2190.45,2194.8
01-06-2011,2178.95,2173.4,2186
02-06-2011,2181.15,2191.65,2194
03-06-2011,2185,2175.4,2185
06-06-2011,2187,2185.6,2192.1
07-06-2011,2188,2189.05,2190.4
08-06-2011,2188,2171.8,2188
09-06-2011,2175,2174.2,2177.95
10-06-2011,2187,2182.75,2187
13-06-2011,2182.75,2162.85,2182.75
14-06-2011,2160,2151.25,2160
15-06-2011,2159,2143.4,2163.95
16-06-2011,2158.7,2159.9,2161.95
17-06-2011,2135,2160.95,2165.5
20-06-2011,2179.7,2184.95,2186.95
21-06-2011,2166,2189.3,2190
22-06-2011,2190,2190.15,2194
23-06-2011,2200,2184.7,2200
24-06-2011,2175,2163.2,2175
27-06-2011,2160,2141.45,2160
28-06-2011,2140,2138.8,2140.7
29-06-2011,2140.05,2142.3,2146.35
30-06-2011,2150,2133.75,2150
01-07-2011,2129.5,2105,2129.5
04-07-2011,2109,2100.9,2109.9
05-07-2011,2110,2105.15,2112.95
06-07-2011,2120.15,2130.65,2134.7
07-07-2011,2145,2146.55,2155
08-07-2011,2150,2140.7,2151.5
11-07-2011,2161,2167.85,2174.7
12-07-2011,2180,2178.9,2186.65
13-07-2011,2190,2201.9,2207.85
14-07-2011,2210,2227.65,2230
15-07-2011,2227,2210.95,2227
18-07-2011,2230,2246.25,2249
19-07-2011,2258.8,2245.9,2260.95
20-07-2011,2238.7,2218.1,2238.7
21-07-2011,2249.9,2228.45,2249.9
22-07-2011,2219.85,2209.3,2219.85
25-07-2011,2249.9,2248.9,2253.95
26-07-2011,2243.85,2230,2243.85
27-07-2011,2233.05,2234.65,2246
28-07-2011,2233,2230.75,2238
29-07-2011,2234.6,2231.15,2234.6
01-08-2011,2227.85,2234.75,2238
02-08-2011,2241.05,2250.6,2255.8
03-08-2011,2265,2306.7,2314
04-08-2011,2313.5,2315.2,2319.75
05-08-2011,2307,2325.2,2335
08-08-2011,2371.5,2417.65,2466.95
09-08-2011,2481,2518.1,2545
09-08-2011,2481,2518.1,2545
10-08-2011,2499.75,2492.9,2510
11-08-2011,2520,2553.45,2570
12-08-2011,2510,2512.05,2534.8
16-08-2011,2513,2534.15,2542
17-08-2011,2535,2568.3,2574
18-08-2011,2579.9,2586.1,2589.8
19-08-2011,2676,2696.65,2730
22-08-2011,2711.25,2702,2778
23-08-2011,2723,2698.05,2748
24-08-2011,2664.9,2661.2,2668
25-08-2011,2599.8,2512.85,2599.8
26-08-2011,2561.05,2586.7,2589.7
29-08-2011,2651.1,2621.15,2670
30-08-2011,2605,2591.65,2608.7
02-09-2011,2644.7,2668.15,2675
05-09-2011,2700,2726.75,2741.35
06-09-2011,2751.15,2706.95,2778.05
07-09-2011,2701,2642.55,2701
08-09-2011,2701.15,2634.55,2701.15
09-09-2011,2665.25,2713.45,2722
12-09-2011,2720,2706.5,2724.7
13-09-2011,2699,2690.25,2699.5
14-09-2011,2700,2724.9,2739
15-09-2011,2704,2694.85,2710
16-09-2011,2668.85,2639.75,2668.85
19-09-2011,2690,2711.6,2719
20-09-2011,2694.9,2695.15,2702.8
21-09-2011,2705,2717.5,2724.9
22-09-2011,2737,2704.3,2737
23-09-2011,2700,2668.65,2707.05
26-09-2011,2625,2504,2625
27-09-2011,2511,2570.25,2575
28-09-2011,2571,2534.3,2571
29-09-2011,2501.05,2490.2,2507.85
30-09-2011,2491,2520.6,2536
03-10-2011,2540,2563.35,2568.9
04-10-2011,2580,2575.05,2587
05-10-2011,2550,2487.5,2550
07-10-2011,2525,2535.1,2553.45
10-10-2011,2535,2543.45,2549.9
11-10-2011,2566.5,2554.8,2570
12-10-2011,2570,2575.55,2579.05
13-10-2011,2572,2563.75,2572
14-10-2011,2560,2566.5,2570.9
17-10-2011,2574.85,2569.05,2574.85
18-10-2011,2580,2556.05,2580
19-10-2011,2556.05,2545.65,2563.3
20-10-2011,2535,2529.35,2535
21-10-2011,2542.05,2538,2554.95
24-10-2011,2555,2584.8,2595.95
24-10-2011,2555,2584.8,2595.95
25-10-2011,2589.5,2577.35,2589.5
26-10-2011,2601,2619.15,2640
28-10-2011,2629.9,2627.8,2659.5
31-10-2011,2603,2599.45,2607.7
01-11-2011,2600,2616.25,2630
02-11-2011,2635,2654.05,2658.8
03-11-2011,2652.05,2664.9,2667
04-11-2011,2677.25,2685.35,2699.9
08-11-2011,2722.25,2746.9,2751
09-11-2011,2750,2758.15,2769.5
11-11-2011,2749,2742.4,2755
14-11-2011,2775,2774.35,2787.6
15-11-2011,2774,2767.5,2783.45
16-11-2011,2776.05,2795.1,2800
17-11-2011,2784.9,2783.85,2787
18-11-2011,2770,2745.5,2770
21-11-2011,2750,2749,2762.4
22-11-2011,2724.95,2750.9,2754
23-11-2011,2769,2739.25,2769
24-11-2011,2741,2748.85,2753.9
25-11-2011,2747.85,2726.75,2747.85
28-11-2011,2730,2763.45,2767
29-11-2011,2765,2762.25,2941
30-11-2011,2782.05,2766.7,2789.85
01-12-2011,2790.2,2796.65,2799
02-12-2011,2790,2796.45,2798.75
05-12-2011,2796,2791.5,2797.8
07-12-2011,2779.8,2775.45,2784.7
08-12-2011,2792,2798.8,2803.7
09-12-2011,2772,2780.85,2788.5
12-12-2011,2760,2751.6,2768.75
13-12-2011,2740,2754.6,2759.9
14-12-2011,2734,2734.15,2741.7
15-12-2011,2699.65,2638.3,2699.65
16-12-2011,2620,2619.05,2634
19-12-2011,2615.8,2632.7,2639.7
20-12-2011,2633.4,2647.65,2654.85
21-12-2011,2660.1,2681.35,2684.9
22-12-2011,2650.15,2653.8,2658.5
23-12-2011,2648.4,2651.5,2658.9
26-12-2011,2576.05,2648.1,2653.95
27-12-2011,2644,2636.75,2644
28-12-2011,2635,2632.7,2640.5
29-12-2011,2608.5,2584.05,2608.5
30-12-2011,2584.05,2610.25,2613
01-01-2013,2911.15,2908.85,2919.9
02-01-2013,2903.8,2910.65,2913.7
03-01-2013,2920,2932.05,2935.8
04-01-2013,2900.1,2892.95,2915
07-01-2013,2907,2904.9,2922
08-01-2013,2895.95,2890.3,2902.7
09-01-2013,2900,2894.75,2901
10-01-2013,2890,2884.4,2890
11-01-2013,2894,2895.85,2899
14-01-2013,2899.8,2889.8,2899.8
15-01-2013,2897.8,2900.3,2902.3
16-01-2013,2997.9,2913.05,2997.9
17-01-2013,2910,2904.15,2911.5
18-01-2013,2903,2900.2,2905
21-01-2013,2898.8,2889.9,2898.8
22-01-2013,2887,2919.2,2929.95
23-01-2013,2930,2915.7,2930
24-01-2013,2915,2902.2,2915
25-01-2013,2897,2890.4,2900
28-01-2013,2890,2891.65,2895
29-01-2013,2895.1,2884.1,2895.1
30-01-2013,2881.1,2879.55,2888
31-01-2013,2879,2879.9,2894
01-02-2013,2875,2871.95,2879.85
04-02-2013,2885,2867.45,2900
05-02-2013,2870.55,2883.9,2899
06-02-2013,2881,2872.2,2883.9
07-02-2013,2880,2884.35,2889.85
08-02-2013,2885,2882.8,2889.6
11-02-2013,2883.55,2883.75,2891.75
12-02-2013,2869.5,2867.5,2874.3
13-02-2013,2898.95,2866.9,2898.95
14-02-2013,2870,2869.95,2871.7
15-02-2013,2865,2855.7,2867
18-02-2013,2859.8,2831.6,2859.8
19-02-2013,2832,2834.1,2837
20-02-2013,2827,2817.2,2827
21-02-2013,2802.4,2776.4,2808.8
22-02-2013,2775,2778.6,2801
25-02-2013,2800,2782.95,2800
26-02-2013,2785.05,2796.4,2799.8
27-02-2013,2801.55,2804.8,2819.75
28-02-2013,2795,2797.45,2803.6
01-03-2013,2794.8,2783.4,2795
04-03-2013,2791.5,2805.8,2812.9
05-03-2013,2808.95,2795.85,2808.95
06-03-2013,2795.85,2789.95,2798.8
07-03-2013,2791.05,2792.3,2802.6
08-03-2013,2789.4,2777.25,2789.4
11-03-2013,2770,2778.65,2789.95
12-03-2013,2777,2778.45,2782.65
13-03-2013,2782.5,2786.25,2789.45
14-03-2013,2785,2777.25,2791
15-03-2013,2770.1,2790,2794.85
18-03-2013,2796.5,2808.8,2812
19-03-2013,2808,2814.8,2817
20-03-2013,2824,2825.65,2864
21-03-2013,2870,2809.55,2870
22-03-2013,2811.05,2819.05,2824.7
25-03-2013,2819.8,2798.6,2819.8
26-03-2013,2790.15,2793.15,2803.8
28-03-2013,2809.8,2806.9,2810.65
01-04-2013,2814.8,2806.35,2814.8
02-04-2013,2800.15,2798.15,2808.95
03-04-2013,2780,2760.55,2780
04-04-2013,2744.4,2740.3,2750.45
05-04-2013,2745.6,2755.5,2758.9
08-04-2013,2780,2784.8,2808.5
09-04-2013,2740,2778.95,2783.9
10-04-2013,2789.5,2784.9,2797
11-04-2013,2760.1,2749.1,2762
12-04-2013,2774.8,2734.95,2774.8
15-04-2013,2687.4,2507,2687.4
16-04-2013,2461.25,2465.55,2472.9
17-04-2013,2480,2457.95,2480
18-04-2013,2449.8,2471.45,2477
22-04-2013,2485.4,2510.7,2516.9
23-04-2013,2535,2508.4,2535
25-04-2013,2530,2547.6,2552
26-04-2013,2575,2576.8,2601.75
29-04-2013,2596.05,2586.05,2600.05
30-04-2013,2586.5,2564.2,2589.9
02-05-2013,2545.5,2545.25,2547.5
03-05-2013,2561.55,2583.6,2587
06-05-2013,2579.8,2587.25,2589.5
07-05-2013,2577.95,2567.35,2583
08-05-2013,2552.3,2558.1,2562.5
09-05-2013,2579,2590.1,2595.6
10-05-2013,2585.5,2577.3,2589.9
11-05-2013,2570,2589.95,2598
13-05-2013,2581,2560.35,2581.95
14-05-2013,2559,2559.45,2570.35
15-05-2013,2560,2535.45,2560
16-05-2013,2501,2483.5,2524.5
17-05-2013,2480,2487.5,2505.7
20-05-2013,2460,2445.7,2460
21-05-2013,2466,2484.55,2519.35
22-05-2013,2499,2495.9,2506.5
23-05-2013,2479.95,2499.05,2502.65
24-05-2013,2513.35,2497.9,2516.85
27-05-2013,2506.2,2505.5,2511
28-05-2013,2514.85,2495.3,2514.85
29-05-2013,2505,2514.05,2517
30-05-2013,2519.85,2548.45,2553.45
31-05-2013,2550,2576.25,2583.05
03-06-2013,2558.85,2558.4,2566.85
04-06-2013,2566.05,2566.55,2581
05-06-2013,2574.8,2561.45,2574.8
06-06-2013,2617.65,2600.5,2617.65
07-06-2013,2616.05,2626.45,2631.7
10-06-2013,2601.4,2608.5,2614.8
11-06-2013,2626.5,2606.5,2656
12-06-2013,2606,2606.7,2619
13-06-2013,2630,2634.85,2651
14-06-2013,2629.4,2608,2629.4
17-06-2013,2629.95,2630.65,2645
18-06-2013,2630.65,2649.4,2654
19-06-2013,2647.9,2636.25,2647.9
20-06-2013,2631.5,2557.2,2636
21-06-2013,2545,2536.85,2552
24-06-2013,2531.05,2538.55,2554.8
25-06-2013,2539.9,2526.9,2539.9
26-06-2013,2491,2451.55,2494.8
27-06-2013,2461.05,2457.65,2488.45
28-06-2013,2429,2384.3,2429
01-07-2013,2406.1,2444.3,2449.85
02-07-2013,2461.05,2478.3,2488.8
03-07-2013,2472.5,2483.6,2490.95
04-07-2013,2484.95,2489.15,2494.8
05-07-2013,2478.65,2482.3,2488
08-07-2013,2475.5,2471.25,2479.95
09-07-2013,2480,2485.95,2498
10-07-2013,2482,2482.4,2485
11-07-2013,2502.5,2526.2,2541
12-07-2013,2510,2515.05,2528
15-07-2013,2514.9,2530.65,2547.9
16-07-2013,2514,2512.4,2515
17-07-2013,2515.2,2520.9,2524.2
18-07-2013,2514.9,2518.75,2521
19-07-2013,2522.5,2531.35,2551
22-07-2013,2552.15,2577.45,2580.25
23-07-2013,2602.05,2617.6,2625.5
24-07-2013,2618,2589.85,2629
25-07-2013,2574.75,2553.8,2574.75
26-07-2013,2585.15,2583,2595.85
29-07-2013,2634,2625.25,2634
30-07-2013,2641.1,2648.3,2664
31-07-2013,2676.25,2674.05,2701.05
01-08-2013,2650,2633.45,2654.5
02-08-2013,2655,2595.75,2655
05-08-2013,2636.05,2650.7,2660.65
06-08-2013,2634.8,2644.9,2650.9
07-08-2013,2600.5,2606.1,2629.7
08-08-2013,2631.05,2631.7,2654.8
12-08-2013,2688,2707.9,2715
13-08-2013,2726.05,2766.05,2775
14-08-2013,2759.75,2757.1,2764.8
16-08-2013,2806.25,2855.35,2879.85
19-08-2013,2888,2903.5,2925
20-08-2013,2921.25,2907.75,2942
21-08-2013,2905,2920.1,2929
22-08-2013,2936.25,2924.15,2955.5
23-08-2013,2919.85,2903.2,2919.85
26-08-2013,2933,2943.15,2953.85
27-08-2013,2961,2974.35,3003
28-08-2013,3020,3016.9,3048.8
29-08-2013,2999,2996.65,3004.8
30-08-2013,2985,2911.9,3001.05
02-09-2013,2911,2920.95,2931
03-09-2013,2950,2997,3009.95
04-09-2013,3055,2977.95,3055
05-09-2013,2939,2924.75,2939
06-09-2013,2898.45,2859.65,2906.9
10-09-2013,2860,2824.65,2860
11-09-2013,2800,2814,2837.6
12-09-2013,2810.05,2814.5,2830
13-09-2013,2814,2769.85,2814
16-09-2013,2779.95,2757.3,2790
17-09-2013,2750,2784.35,2797
18-09-2013,2774.5,2753.35,2774.5
19-09-2013,2801.15,2824.45,2850
20-09-2013,2821.05,2813.65,2849.8
23-09-2013,2794,2789.15,2794
24-09-2013,2798,2776.2,2819.3
25-09-2013,2781,2791.65,2810
26-09-2013,2791.65,2793.75,2809.7
27-09-2013,2775.25,2801.2,2808.95
30-09-2013,2825.15,2842.3,2867
01-10-2013,2839.8,2807.7,2839.8
03-10-2013,2784,2789.7,2799
04-10-2013,2800.15,2788.95,2808.9
07-10-2013,2790,2796.8,2824.6
08-10-2013,2796.8,2872.15,2913.05
09-10-2013,2875,2838,2875
10-10-2013,2838.05,2841.05,2850.1
11-10-2013,2830,2806.45,2830
14-10-2013,2785,2831.75,2845
15-10-2013,2825,2811.8,2846.95
17-10-2013,2835,2868,2878.1
18-10-2013,2865.35,2887.5,2905
21-10-2013,2870,2907.7,2920
22-10-2013,2900,2932,2936.1
23-10-2013,2944,2974,2982.8
24-10-2013,2972,2965.45,2986
25-10-2013,2966.1,2975.3,2990
28-10-2013,2979.95,2987.1,2991.65
29-10-2013,2987.5,2916.4,2999
30-10-2013,2921.55,2908.25,2921.6
31-10-2013,2904.9,2865.8,2904.9
01-11-2013,2874.8,2880.95,2919.15
03-11-2013,2881,2889.05,2930
05-11-2013,2887.95,2847.6,2887.95
06-11-2013,2852.15,2876.7,2880
07-11-2013,2848,2858.2,2889.6
08-11-2013,2855.1,2871,2874
11-11-2013,2857.75,2866.55,2873.95
12-11-2013,2879,2903.65,2907
13-11-2013,2900,2895.05,2929.5
14-11-2013,2895.85,2899.05,2905
18-11-2013,2899.05,2903.6,2916
19-11-2013,2885,2888.25,2897
20-11-2013,2892.1,2889.65,2908.9
21-11-2013,2880,2878,2884
22-11-2013,2878.05,2880.1,2888.8
25-11-2013,2880.1,2840.4,2880.1
26-11-2013,2860,2871.5,2887
27-11-2013,2865,2862.1,2873
28-11-2013,2855.8,2847.05,2855.8
29-11-2013,2847,2876,2879.95
02-12-2013,2873.8,2860.3,2873.95
03-12-2013,2850,2851.75,2862
04-12-2013,2870,2860.85,2870.2
05-12-2013,2870,2867.2,2888.9
06-12-2013,2859.8,2845.95,2859.8
09-12-2013,2811,2815.55,2848.5
10-12-2013,2820,2830,2850
11-12-2013,2845,2840.1,2858.75
12-12-2013,2841,2822,2847.95
13-12-2013,2809,2817.35,2821.8
16-12-2013,2821.05,2810.45,2836.9
17-12-2013,2815.05,2796.15,2824.9
18-12-2013,2790,2793.05,2798.5
19-12-2013,2782.9,2776.05,2794.9
20-12-2013,2776,2759.15,2776
23-12-2013,2768,2763.2,2775
24-12-2013,2755,2751.7,2763
26-12-2013,2751.7,2761.5,2774.6
27-12-2013,2762,2743.35,2775
30-12-2013,2745,2724.6,2754.75
31-12-2013,2718,2717.5,2724.8
01-01-2014,2717,2724.3,2732
02-01-2014,2734,2746.05,2749.45
03-01-2014,2751,2765.3,2770.05
06-01-2014,2770.1,2762.7,2779.4
07-01-2014,2751,2761.15,2770
08-01-2014,2750,2740.05,2754
09-01-2014,2740,2742.95,2748.8
10-01-2014,2823.1,2752.2,2941
13-01-2014,2756,2760.45,2771.75
14-01-2014,2779,2770.55,2779
15-01-2014,2758,2753.5,2772.9
16-01-2014,2755,2758.35,2762.9
17-01-2014,2778.35,2756.55,2788
20-01-2014,2780,2773.35,2780.05
21-01-2014,2770,2768.1,2775
22-01-2014,2770,2755.85,2772
23-01-2014,2757.9,2750.6,2759
24-01-2014,2775,2766.25,2780
27-01-2014,2750.05,2783.55,2794.95
28-01-2014,2790,2775.95,2800
29-01-2014,2755.15,2814.1,2840
30-01-2014,2821.05,2779.5,2830
31-01-2014,2760,2765.5,2775
03-02-2014,2790,2760.45,2790
04-02-2014,2790,2771.15,2790
05-02-2014,2760,2770.65,2773.5
06-02-2014,2779.8,2771.95,2780
07-02-2014,2780,2774.85,2783.95
10-02-2014,2771.05,2791.2,2793.85
11-02-2014,2796,2801.8,2809.8
12-02-2014,2792,2799.35,2808.95
13-02-2014,2792.5,2795.25,2804
14-02-2014,2801.15,2810.15,2813.9
17-02-2014,2816.6,2852.7,2856
18-02-2014,2854,2859.2,2862
19-02-2014,2846.5,2863,2867.8
20-02-2014,2863,2856.45,2865
21-02-2014,2855.9,2844.1,2856
24-02-2014,2858.8,2857.2,2860
25-02-2014,2855.15,2850.3,2858.9
26-02-2014,2850.15,2855.2,2860
28-02-2014,2850,2850.25,2862
03-03-2014,2860.9,2861.55,2878.9
04-03-2014,2862,2845.15,2874.9
05-03-2014,2846.8,2835.75,2852
06-03-2014,2809,2824.95,2831.95
07-03-2014,2833,2821.5,2848.35
10-03-2014,2819.95,2805.25,2819.95
11-03-2014,2775,2809.7,2813.95
12-03-2014,2830.25,2818,2833
13-03-2014,2830,2822,2830
14-03-2014,2824,2836.65,2840
18-03-2014,2801.05,2812.8,2834
19-03-2014,2810,2791.75,2815
20-03-2014,2790,2754.4,2790
21-03-2014,2754,2762.7,2766.8
22-03-2014,2763,2759.1,2764
24-03-2014,2759,2730.95,2759
25-03-2014,2710,2703.15,2731
26-03-2014,2700,2700.65,2711.9
27-03-2014,2710,2682.6,2710
28-03-2014,2699,2686.1,2699
31-03-2014,2685,2707.25,2710
01-04-2014,2699.95,2677.75,2709.65
02-04-2014,2685,2637,2685
03-04-2014,2641,2661.45,2668.8
04-04-2014,2662,2664.05,2668.95
07-04-2014,2667.5,2667.95,2682.85
09-04-2014,2689,2683.6,2766.25
10-04-2014,2662.5,2709.85,2714
11-04-2014,2709,2706.65,2716.95
15-04-2014,2707,2732.35,2735
16-04-2014,2722,2731.8,2744
17-04-2014,2731,2740.7,2751
21-04-2014,2730,2751.95,2755
22-04-2014,2749.95,2774.5,2779
23-04-2014,2774,2783.95,2793.4
25-04-2014,2772,2799.35,2805
28-04-2014,2798,2803.4,2815
29-04-2014,2803.4,2795.65,2807
30-04-2014,2799,2785.85,2799
02-05-2014,2793.5,2783.25,2802
05-05-2014,2804.4,2794.45,2804.4
06-05-2014,2799.95,2797.25,2809.8
07-05-2014,2791.05,2799.8,2802
08-05-2014,2751,2777.05,2788
09-05-2014,2779.95,2763.65,2782.3
12-05-2014,2751.05,2758.4,2769.95
13-05-2014,2750,2744.4,2755
14-05-2014,2742,2740.9,2743.9
15-05-2014,2735.15,2738.05,2759.9
16-05-2014,2721,2701.5,2730
19-05-2014,2699.95,2675.75,2699.95
20-05-2014,2675,2664.1,2675
21-05-2014,2661,2654.05,2665
22-05-2014,2645,2559.8,2645
23-05-2014,2559.8,2550.9,2574
26-05-2014,2550.9,2559.1,2562.95
27-05-2014,2550,2545.65,2569.9
28-05-2014,2530.1,2525.45,2535
29-05-2014,2527,2492.6,2529.7
30-05-2014,2495,2492.1,2504.85
02-06-2014,2500,2480.15,2500
03-06-2014,2480,2481.35,2488
04-06-2014,2485,2477.1,2494.8
05-06-2014,2475,2471.45,2476.6
06-06-2014,2472,2473.3,2489
09-06-2014,2489,2466.55,2489
10-06-2014,2480,2469.65,2499.95
11-06-2014,2480.15,2484.5,2488.05
12-06-2014,2490,2485.15,2490
13-06-2014,2485.25,2512.25,2515
16-06-2014,2525.15,2559.4,2567
17-06-2014,2559,2533.55,2560
18-06-2014,2535,2542.95,2549.95
19-06-2014,2522,2553.85,2562.75
20-06-2014,2581.05,2609.4,2619.95
23-06-2014,2602,2607.35,2624.5
24-06-2014,2607,2619.35,2626.05
25-06-2014,2614.8,2604.15,2614.8
26-06-2014,2604,2606.7,2610
27-06-2014,2610.15,2600.85,2616
30-06-2014,2600.85,2606.75,2611
01-07-2014,2616,2607.8,2625.95
02-07-2014,2618.8,2596.95,2618.8
03-07-2014,2596,2580,2596
04-07-2014,2533,2580.2,2581
07-07-2014,2585,2565.05,2585
08-07-2014,2570,2563.05,2575.05
09-07-2014,2563,2570.1,2579.95
10-07-2014,2570,2633.65,2640
11-07-2014,2620,2625.15,2638
14-07-2014,2625,2609.25,2625
15-07-2014,2595,2594.95,2598.8
16-07-2014,2585,2578.25,2585
17-07-2014,2584,2585.05,2597.6
18-07-2014,2600.05,2595.7,2620
21-07-2014,2602,2595.7,2602
22-07-2014,2590.5,2585.65,2595
23-07-2014,2589.95,2581.1,2589.95
24-07-2014,2572,2567.3,2575
25-07-2014,2564.1,2551.6,2565
28-07-2014,2562.5,2576.75,2587.9
30-07-2014,2575,2568.2,2575
31-07-2014,2567.5,2569.15,2574.8
01-08-2014,2565,2578.75,2580
04-08-2014,2587.5,2589.2,2594.9
05-08-2014,2589.2,2584.65,2589.2
06-08-2014,2580,2597.85,2604.9
07-08-2014,2620,2617.9,2628
08-08-2014,2635.15,2647.95,2663.85
11-08-2014,2635,2619.65,2635
12-08-2014,2619,2632.35,2639
13-08-2014,2636,2625.9,2636
14-08-2014,2616.05,2627.8,2638.8
18-08-2014,2609.8,2602.45,2615.95
19-08-2014,2599.8,2592.25,2599.8
20-08-2014,2592,2595.7,2600
21-08-2014,2681,2569.45,2681
22-08-2014,2565,2573.8,2579
25-08-2014,2573,2553.25,2577.8
26-08-2014,2589,2568.8,2589
27-08-2014,2574.85,2560.15,2574.85
28-08-2014,2552,2570.75,2580
01-09-2014,2569.85,2570.95,2578.5
02-09-2014,2569.9,2556.2,2569.9
03-09-2014,2555,2546.25,2555
04-09-2014,2568,2535.65,2568
05-09-2014,2533.95,2528.2,2534.65
08-09-2014,2549.85,2518.35,2549.85
09-09-2014,2515,2509.85,2517.85
10-09-2014,2510,2525.15,2528.9
11-09-2014,2520,2510.95,2520
12-09-2014,2501.05,2500.45,2508.8
15-09-2014,2509.95,2498.75,2509.95
16-09-2014,2504,2500.85,2504
17-09-2014,2503,2485.4,2503
18-09-2014,2485,2486.1,2488
19-09-2014,2485,2479.85,2485
22-09-2014,2474,2468.95,2474
23-09-2014,2479.95,2478.9,2482
24-09-2014,2480.1,2489.5,2495
25-09-2014,2486,2476.65,2487.85
26-09-2014,2499,2476.6,2503
29-09-2014,2488,2480.7,2488
30-09-2014,2489,2469.8,2489
01-10-2014,2469.8,2469.6,2477.9
07-10-2014,2468,2459.05,2480
08-10-2014,2472.9,2488.4,2494.95
09-10-2014,2489.9,2490.4,2495
10-10-2014,2480.15,2486.25,2495
13-10-2014,2499.9,2494,2510
14-10-2014,2495,2498.35,2506.9
16-10-2014,2506,2539.6,2545
17-10-2014,2538,2512.65,2539
20-10-2014,2509.5,2508.1,2512.9
21-10-2014,2517,2563.65,2565
22-10-2014,2563,2526.15,2563
23-10-2014,2548.7,2525.8,2570
27-10-2014,2523.8,2491.15,2526
28-10-2014,2495,2490.6,2498
29-10-2014,2492,2486.75,2493
30-10-2014,2480,2464.2,2480
31-10-2014,2463,2427,2464
03-11-2014,2438,2429.5,2439.8
05-11-2014,2430,2406.35,2430
07-11-2014,2420,2390.2,2420
10-11-2014,2415,2412.1,2450
11-11-2014,2400,2382.2,2405
12-11-2014,2395,2393.25,2403.5
13-11-2014,2399.95,2394.3,2406
14-11-2014,2394.3,2390.45,2394.7
17-11-2014,2416.05,2430.4,2439
18-11-2014,2421.05,2440.75,2444
19-11-2014,2430.75,2449.15,2452
20-11-2014,2440,2437.8,2450
21-11-2014,2440,2431.2,2440
24-11-2014,2440,2435.15,2441
25-11-2014,2440,2449.95,2453
26-11-2014,2449,2465.75,2471
27-11-2014,2464,2444.65,2464
28-11-2014,2435.05,2442.9,2450
01-12-2014,2410,2391.7,2419.4
02-12-2014,2433,2420.55,2448
03-12-2014,2422.8,2441.8,2447.05
04-12-2014,2440,2437.05,2445.15
05-12-2014,2437,2427.05,2438
08-12-2014,2417.05,2430.25,2436.8
09-12-2014,2430,2437.4,2444
10-12-2014,2460.1,2486.15,2502
11-12-2014,2489.95,2467.6,2492
12-12-2014,2471.25,2486.25,2490
15-12-2014,2487,2481.3,2490.95
16-12-2014,2479.95,2476.3,2482.75
17-12-2014,2475,2475.4,2496
18-12-2014,2474.9,2465.75,2478
19-12-2014,2463.9,2461.65,2468.5
22-12-2014,2460.1,2476.2,2480
23-12-2014,2464.85,2447.2,2484.4
24-12-2014,2449.95,2439.95,2454
26-12-2014,2454.6,2461.35,2463.95
29-12-2014,2466,2470.75,2482.95
30-12-2014,2464.95,2459.3,2469.7
31-12-2014,2476.05,2464.15,2482
01-01-2015,2459.95,2456.35,2462.9
02-01-2015,2495,2451.2,2495
05-01-2015,2463,2466.2,2476.8
06-01-2015,2476,2497.9,2501
07-01-2015,2492.05,2502.2,2506.9
08-01-2015,2493,2468.95,2493
09-01-2015,2469.85,2456.35,2472
12-01-2015,2472,2478.9,2491
13-01-2015,2492.1,2499.75,2508
14-01-2015,2490,2485.7,2490
15-01-2015,2478.3,2478.65,2490
16-01-2015,2510.05,2532.15,2546.85
19-01-2015,2543,2554.45,2560
20-01-2015,2548.2,2580.75,2589
21-01-2015,2590,2592.65,2600
22-01-2015,2571.1,2570.95,2583.5
23-01-2015,2573.25,2577.3,2585.4
27-01-2015,2536,2557,2562
28-01-2015,2563,2568.8,2576.9
29-01-2015,2560,2552.1,2564.9
30-01-2015,2544.85,2578.8,2598.8
02-02-2015,2588,2569.75,2590
03-02-2015,2574.9,2567,2574.9
04-02-2015,2548.8,2540.2,2549.8
05-02-2015,2550,2549.55,2560
06-02-2015,2549.8,2550,2558.8
09-02-2015,2524.4,2506.85,2524.4
10-02-2015,2505,2507.25,2520.5
11-02-2015,2507,2508.4,2514.95
12-02-2015,2498,2488,2499.8
13-02-2015,2490.2,2499.2,2508
16-02-2015,2495.15,2505.65,2520
18-02-2015,2470,2480.4,2494.4
19-02-2015,2499.95,2472.85,2499.95
20-02-2015,2462.25,2471.75,2475.9
23-02-2015,2472,2459.1,2472
24-02-2015,2459.1,2436.2,2469.95
25-02-2015,2463.5,2443.5,2474.5
26-02-2015,2443.1,2440.9,2452.9
27-02-2015,2448.4,2436.6,2448.4
28-02-2015,2441.1,2440.1,2452.25
02-03-2015,2445,2462.3,2476.95
03-03-2015,2450,2443.95,2453.85
04-03-2015,2440,2442.65,2450
05-03-2015,2445,2457.35,2463.9
09-03-2015,2434.9,2434.9,2439.85
10-03-2015,2424.5,2414.15,2429.4
11-03-2015,2420,2402.4,2424.95
12-03-2015,2402.55,2396.85,2404.75
13-03-2015,2400,2391.7,2407.4
16-03-2015,2397,2392.7,2404.7
17-03-2015,2393,2380.95,2399.95
18-03-2015,2380,2374.4,2385
19-03-2015,2391,2378.5,2409.9
20-03-2015,2390,2381.2,2393.15
23-03-2015,2391,2390.1,2396.8
24-03-2015,2399.95,2404.7,2405.5
25-03-2015,2405,2402.45,2412.6
26-03-2015,2413,2455.05,2470
27-03-2015,2331.9,2419.5,2449.9
30-03-2015,2419.1,2411.1,2427.3
31-03-2015,2411,2398.95,2411
01-04-2015,2409.95,2413.6,2419.8
06-04-2015,2425.05,2463.7,2469
07-04-2015,2469.95,2453.9,2470
08-04-2015,2458.4,2455.75,2458.4
09-04-2015,2447.8,2420.7,2447.8
10-04-2015,2475,2433.65,2475
13-04-2015,2439,2436.05,2453
15-04-2015,2435,2418.8,2436
16-04-2015,2435,2440.35,2453
17-04-2015,2437.8,2443.6,2447
20-04-2015,2446,2461.15,2469.6
21-04-2015,2469.95,2479.45,2488.9
22-04-2015,2479.95,2460.1,2480
23-04-2015,2450,2444.15,2454.4
24-04-2015,2450,2459.6,2463.85
27-04-2015,2440.15,2445.35,2455
28-04-2015,2455.15,2463.45,2477
29-04-2015,2471.2,2473.55,2483.2
30-04-2015,2479.85,2484.25,2490
04-05-2015,2465,2452.75,2474.5
05-05-2015,2450,2448.05,2461.8
06-05-2015,2451.05,2460.25,2481
07-05-2015,2461,2468.4,2472.6
08-05-2015,2470,2464.25,2473
11-05-2015,2469.85,2461.1,2469.85
12-05-2015,2460,2470.9,2475
13-05-2015,2475.05,2484.3,2495
14-05-2015,2524,2516.6,2525
15-05-2015,2511,2506.55,2517.85
18-05-2015,2507.5,2531.5,2535
19-05-2015,2527.9,2512.85,2527.9
20-05-2015,2508,2497.45,2508
21-05-2015,2494.25,2499.55,2501.3
22-05-2015,2498,2483.75,2498
25-05-2015,2479.85,2479.35,2483
26-05-2015,2478,2473,2485.75
27-05-2015,2469.95,2466.2,2473.75
28-05-2015,2470,2462.05,2474.4
29-05-2015,2455.05,2459.85,2469.6
01-06-2015,2460,2451.15,2469.4
02-06-2015,2440.1,2468.5,2470.9
03-06-2015,2459.8,2466.55,2473
04-06-2015,2462.2,2461.6,2470
05-06-2015,2441.05,2444.25,2458.8
08-06-2015,2459,2448,2459
09-06-2015,2448,2447.4,2451.85
10-06-2015,2454.95,2451.8,2454.95
11-06-2015,2451.85,2428.45,2459.8
12-06-2015,2439.4,2444.45,2449
15-06-2015,2445.15,2441.15,2455
16-06-2015,2450,2448,2464.3
17-06-2015,2448,2443.85,2452.5
18-06-2015,2445.05,2459.8,2462.85
19-06-2015,2464.9,2457,2465.5
22-06-2015,2441.05,2444.6,2464.7
23-06-2015,2439.9,2424.95,2439.9
24-06-2015,2419.85,2414.35,2423.75
25-06-2015,2414,2423.7,2428
26-06-2015,2424,2420.7,2424
29-06-2015,2430.15,2430.7,2447.85
30-06-2015,2434.9,2419.85,2435.9
01-07-2015,2429,2417.7,2429
02-07-2015,2414.95,2402.65,2419.85
03-07-2015,2405,2394.8,2405
06-07-2015,2400.2,2391.65,2409.8
07-07-2015,2399.75,2399.6,2402
08-07-2015,2387.1,2397.35,2402
09-07-2015,2403.9,2412,2417
10-07-2015,2410,2397.8,2410
13-07-2015,2394.1,2383,2400
14-07-2015,2383,2377.95,2485
15-07-2015,2377,2379.15,2392
16-07-2015,2375,2362.75,2379.15
17-07-2015,2365,2360.45,2371
20-07-2015,2355.15,2332.85,2355.15
21-07-2015,2322.85,2338.45,2339.95
22-07-2015,2327.9,2285.1,2334.95
23-07-2015,2309.95,2292.85,2309.95
24-07-2015,2280.4,2286.5,2292.9
27-07-2015,2297.9,2293,2310.95
28-07-2015,2294,2289.8,2294.45
29-07-2015,2298,2280,2299
30-07-2015,2280,2272.85,2284.6
31-07-2015,2276.15,2269.75,2279.95
03-08-2015,2280.15,2274.1,2290
04-08-2015,2273.85,2268.8,2274.5
05-08-2015,2269.85,2251.2,2269.85
06-08-2015,2258.9,2248.55,2258.9
07-08-2015,2250,2261.05,2272.95
10-08-2015,2274.9,2270.2,2278.9
11-08-2015,2281,2314.3,2320.05
12-08-2015,2320.9,2346,2354.7
13-08-2015,2346,2354.5,2360
14-08-2015,2359,2350.4,2359
17-08-2015,2352,2364.5,2368
18-08-2015,2246.3,2375.75,2377.5
19-08-2015,2368.1,2375.55,2379.8
20-08-2015,2381,2408.75,2410.9
21-08-2015,2411.9,2444.25,2479.5
24-08-2015,2461,2473.9,2497.8
25-08-2015,2451.05,2444.65,2472
26-08-2015,2435.1,2420,2435.1
27-08-2015,2414.9,2396.1,2414.9
28-08-2015,2396.25,2413.3,2420.6
31-08-2015,2421.9,2431.3,2432.9
01-09-2015,2436,2442.8,2451.1
02-09-2015,2442,2427.75,2443.9
03-09-2015,2425,2408.4,2426.55
04-09-2015,2406,2406.9,2410.45
07-09-2015,2410,2411.85,2423.85
08-09-2015,2405.05,2410.3,2415
09-09-2015,2401.35,2398.05,2413
10-09-2015,2388,2376.55,2388
11-09-2015,2410.9,2380.8,2410.95
14-09-2015,2380,2374.9,2388.4
15-09-2015,2370.2,2373.35,2381.75
16-09-2015,2373.9,2376,2378.9
18-09-2015,2391.25,2410.75,2416.05
21-09-2015,2412,2397.55,2419.9
22-09-2015,2399.8,2391.95,2404.4
23-09-2015,2400,2384.1,2400
24-09-2015,2397,2410.05,2414
28-09-2015,2421.05,2407.3,2444.5
29-09-2015,2405.15,2389.25,2419.8
30-09-2015,2399.95,2387,2399.95
01-10-2015,2379.8,2366.15,2379.8
05-10-2015,2409.95,2388.45,2409.95
06-10-2015,2398.95,2396.3,2403
07-10-2015,2420,2405.2,2427.85
08-10-2015,2397.15,2396.2,2402
09-10-2015,2399.95,2412.55,2417
12-10-2015,2416,2432.7,2436.8
13-10-2015,2425,2415.95,2430
14-10-2015,2435,2442.55,2464
15-10-2015,2451.05,2459.9,2471
16-10-2015,2456.45,2448.65,2459
19-10-2015,2432.5,2439.65,2443.95
20-10-2015,2431,2448.1,2449
21-10-2015,2455,2456.9,2463.4
23-10-2015,2448,2442.8,2448
26-10-2015,2439.85,2432.65,2439.85
27-10-2015,2432,2445.15,2450
28-10-2015,2450,2453.9,2455.85
29-10-2015,2432,2444.7,2446.8
30-10-2015,2425.15,2440.65,2446
02-11-2015,2439,2411.5,2440
03-11-2015,2415,2396.7,2415
04-11-2015,2391.8,2380.45,2400
05-11-2015,2375,2379.5,2385
06-11-2015,2380,2363.5,2380
09-11-2015,2360,2377.05,2404.9
10-11-2015,2379.8,2349.4,2379.8
11-11-2015,2394.35,2333.3,2394.35
13-11-2015,2329,2321.25,2333.9
16-11-2015,2344.8,2330.6,2346.95
17-11-2015,2324.4,2311.75,2324.4
18-11-2015,2320,2303.35,2320
19-11-2015,2300.55,2305.35,2314.95
20-11-2015,2310.8,2327.35,2333.95
23-11-2015,2316.9,2310.2,2316.9
24-11-2015,2310,2319.1,2322
26-11-2015,2330,2311.3,2330
27-11-2015,2308.05,2310.25,2317.9
30-11-2015,2298.8,2292.5,2308.5
01-12-2015,2310.15,2310.5,2315
02-12-2015,2319,2303.1,2319
03-12-2015,2288.05,2286.1,2292.8
04-12-2015,2305.15,2298.15,2308.9
07-12-2015,2325,2333.6,2342.8
08-12-2015,2326.5,2313.6,2326.5
09-12-2015,2325,2328.4,2330
10-12-2015,2327.85,2314.55,2328.4
11-12-2015,2300.55,2304.15,2309.95
14-12-2015,2320,2308.65,2328.7
15-12-2015,2302.95,2297.65,2307.45
16-12-2015,2320,2296.9,2320
17-12-2015,2290,2294.25,2301.8
18-12-2015,2260.55,2274.25,2280
21-12-2015,2281.5,2295.05,2299
22-12-2015,2298.8,2309.9,2312
23-12-2015,2320,2294.7,2320
24-12-2015,2295.6,2293.9,2300
28-12-2015,2300,2293.4,2300
29-12-2015,2293.4,2299.15,2304.6
30-12-2015,2298,2294.25,2301.85
31-12-2015,2295,2279.25,2297
01-01-2016,2284.95,2280.2,2285
04-01-2016,2295,2304.7,2307.25
05-01-2016,2309.45,2319.65,2322.1
06-01-2016,2334.5,2333.1,2342
07-01-2016,2355.15,2366.8,2384.6
08-01-2016,2361.05,2360.7,2380
11-01-2016,2371.05,2368.05,2388.6
12-01-2016,2372,2363.25,2372
13-01-2016,2349.4,2331.15,2349.5
14-01-2016,2346.05,2367.15,2375
15-01-2016,2346,2370.5,2374.8
18-01-2016,2395,2385.1,2395
19-01-2016,2377.25,2376.5,2383.9
20-01-2016,2387.1,2394.4,2405
21-01-2016,2400.55,2398.4,2416
22-01-2016,2393,2386.25,2401.85
25-01-2016,2385.15,2400,2404.4
27-01-2016,2426.5,2427.45,2443.7
28-01-2016,2431.05,2430,2439.5
29-01-2016,2415.05,2423.35,2426
01-02-2016,2425.55,2433,2437.3
02-02-2016,2436.3,2448.55,2452.1
03-02-2016,2451,2453,2460.9
04-02-2016,2484.8,2471.85,2484.8
05-02-2016,2482.65,2485.1,2492.6
08-02-2016,2500.15,2520.25,2523.95
09-02-2016,2556.05,2566.4,2573.95
10-02-2016,2570,2539.85,2570
11-02-2016,2566.05,2595.45,2605
12-02-2016,2635,2629.7,2640
15-02-2016,2614.8,2587.45,2614.8
16-02-2016,2567.9,2602.45,2610
17-02-2016,2602,2585.35,2605
18-02-2016,2580.55,2583.85,2590
19-02-2016,2615.15,2612.5,2628
22-02-2016,2612,2588.2,2615
23-02-2016,2604.8,2616.2,2620
24-02-2016,2625.05,2624.3,2629
25-02-2016,2626.05,2639.9,2642.95
26-02-2016,2631.8,2635.65,2649
29-02-2016,2627.5,2648.95,2651.25
01-03-2016,2660,2651.55,2679
02-03-2016,2629.4,2611.15,2629.4
03-03-2016,2612.5,2626.95,2630
04-03-2016,2646.05,2667.65,2673
08-03-2016,2667,2675.65,2684.9
09-03-2016,2654.5,2648.3,2656.5
10-03-2016,2645,2631.25,2645
11-03-2016,2655.95,2668.05,2676
14-03-2016,2659,2660.1,2664.85
15-03-2016,2629.4,2613.05,2630
16-03-2016,2625,2606.05,2625
17-03-2016,2630,2645.55,2650
18-03-2016,2635.15,2618.9,2642.6
21-03-2016,2605.55,2604.45,2617.85
22-03-2016,2604.95,2604.75,2616.5
23-03-2016,2599.95,2574.3,2599.95
28-03-2016,2547.9,2533.75,2549.7
29-03-2016,2541,2543.1,2548.8
30-03-2016,2565.15,2569.45,2581
31-03-2016,2545.15,2563.75,2598.6
01-04-2016,2555.05,2578.85,2581.95
04-04-2016,2583.8,2547.55,2583.8
05-04-2016,2557.3,2590.4,2596.25
06-04-2016,2599,2590.6,2599
07-04-2016,2586.5,2615.55,2619.9
08-04-2016,2616,2625.8,2630
11-04-2016,2630.55,2628.25,2647.3
12-04-2016,2631.5,2655,2660
13-04-2016,2644.75,2634.6,2644.8
18-04-2016,2624.9,2649.25,2653
20-04-2016,2657,2656.1,2668.9
21-04-2016,2656,2684.3,2690
22-04-2016,2670,2669.8,2681
25-04-2016,2667.8,2644.05,2667.8
26-04-2016,2651,2645.6,2659.9
27-04-2016,2652.2,2661.7,2671
28-04-2016,2660,2687.5,2692
29-04-2016,2680,2717.1,2720
02-05-2016,2726,2747.6,2750
03-05-2016,2730.05,2748,2753.2
04-05-2016,2749,2720.25,2749
05-05-2016,2721.8,2712.65,2731.25
06-05-2016,2715,2728.25,2731.4
09-05-2016,2740,2713.3,2750
10-05-2016,2713.3,2717.2,2720
11-05-2016,2730,2716.65,2730
12-05-2016,2711.05,2701.65,2719.95
13-05-2016,2800,2719.3,2800
16-05-2016,2721,2732.25,2740
17-05-2016,2731.5,2727.45,2732.5
18-05-2016,2730,2731.3,2738.8
19-05-2016,2724.75,2728.55,2731.95
20-05-2016,2734.25,2722.55,2734.25
23-05-2016,2715,2718.7,2722.55
24-05-2016,2711.5,2702.1,2719
25-05-2016,2689.75,2670.95,2690
26-05-2016,2675.55,2686.55,2691
27-05-2016,2668.8,2681.1,2725
30-05-2016,2682,2641.9,2682
31-05-2016,2644,2645.6,2662
01-06-2016,2648.5,2650.15,2656.5
02-06-2016,2650,2628.95,2650
03-06-2016,2629.95,2627.2,2629.95
06-06-2016,2651.05,2672.05,2674.9
07-06-2016,2669.9,2651.25,2674.6
08-06-2016,2651.5,2650.1,2665
09-06-2016,2670,2663.05,2671.9
10-06-2016,2609.8,2678.35,2684
13-06-2016,2686,2705.85,2711.75
14-06-2016,2693.5,2705.95,2711.05
15-06-2016,2712.5,2700.25,2719
16-06-2016,2725.95,2746.5,2759.95
17-06-2016,2726.2,2713.6,2726.2
20-06-2016,2715.8,2710.25,2724.3
21-06-2016,2690.55,2713.05,2724.6
22-06-2016,2697,2689.9,2703.5
23-06-2016,2690,2678.85,2692.8
24-06-2016,2776.05,2774.35,2824
27-06-2016,2780.05,2802.7,2810
28-06-2016,2788,2809.05,2818.9
29-06-2016,2801.05,2785.4,2810
30-06-2016,2762.05,2777.3,2784
01-07-2016,2806,2801.85,2810
04-07-2016,2805.55,2815.95,2826.85
05-07-2016,2790.05,2807.65,2812
07-07-2016,2826,2836.9,2849.95
08-07-2016,2834.5,2833.95,2839
11-07-2016,2841.1,2840.75,2848
12-07-2016,2835,2817.4,2835.7
13-07-2016,2798,2805.6,2829
14-07-2016,2805,2798.65,2814.95
15-07-2016,2786.9,2796.35,2808.8
18-07-2016,2795,2783.6,2797.6
19-07-2016,2785,2790.05,2796.8
20-07-2016,2790,2784.75,2800
21-07-2016,2781,2783.15,2790
22-07-2016,2787,2785.5,2795
25-07-2016,2775,2777.7,2785
26-07-2016,2777,2791.85,2800
27-07-2016,2798.5,2784.45,2798.5
28-07-2016,2801,2803.75,2819.8
29-07-2016,2793,2796.3,2806.2
01-08-2016,2812.55,2845.55,2849.45
02-08-2016,2852,2879.15,2881
03-08-2016,2899.9,2886.7,2913.9
04-08-2016,2873.8,2877.2,2885
05-08-2016,2888.1,2910.15,2918.8
08-08-2016,2877.9,2835.75,2879
09-08-2016,2836.8,2853.95,2859
10-08-2016,2876.15,2879.05,2893.9
11-08-2016,2855.1,2866.55,2871.9
12-08-2016,2854.3,2870.25,2874
16-08-2016,2881,2852.05,2885
17-08-2016,2849.95,2847.75,2860
18-08-2016,2851.25,2864.3,2874
19-08-2016,2864.85,2865.95,2875
22-08-2016,2856,2855,2860
23-08-2016,2855,2848.45,2863.8
24-08-2016,2848.1,2852,2855
25-08-2016,2835,2831.75,2839.85
26-08-2016,2836,2841.55,2854.7
29-08-2016,2831.1,2816.2,2838
30-08-2016,2829.95,2814.1,2833
31-08-2016,2809.95,2812.05,2819
01-09-2016,2820,2782.4,2820
02-09-2016,2799.9,2788.05,2802.95
06-09-2016,2802.15,2804.25,2810.05
07-09-2016,2821,2832.45,2842
08-09-2016,2821.55,2832.05,2837.95
09-09-2016,2824.95,2814.15,2826.95
12-09-2016,2815,2839.55,2843.4
14-09-2016,2839,2827.35,2840
15-09-2016,2822,2815,2829.5
16-09-2016,2808,2810.05,2815
19-09-2016,2814.7,2825.05,2833
20-09-2016,2825,2829.55,2832.7
21-09-2016,2830,2835.1,2839
22-09-2016,2836.5,2838.1,2850.15
23-09-2016,2848.7,2840.25,2851
26-09-2016,2840.35,2842.05,2848.6
27-09-2016,2832.5,2833.85,2842.05
28-09-2016,2829.95,2810.3,2829.95
29-09-2016,2802.5,2849.9,2860
30-09-2016,2850,2825.2,2850
03-10-2016,2819.75,2817.9,2820
04-10-2016,2817,2815.4,2820
05-10-2016,2784.4,2789.9,2794
06-10-2016,2799.9,2771.75,2799.9
07-10-2016,2772,2761.7,2773.45
10-10-2016,2900.95,2796.15,2900.95
13-10-2016,2800,2756.4,2800
14-10-2016,2756,2749.2,2756
17-10-2016,2790,2747.4,2844
18-10-2016,2747,2755.4,2761.9
19-10-2016,2754.05,2745.55,2759.95
20-10-2016,2750,2750.3,2755.95
21-10-2016,2749.95,2744.7,2752.7
24-10-2016,2754,2735.15,2754
25-10-2016,2735,2726.9,2736.8
26-10-2016,2728,2728,2735
27-10-2016,2727,2724.4,2736.65
28-10-2016,2859.6,2739.35,2859.6
30-10-2016,2811,2784.2,2853.8
01-11-2016,2789,2740.5,2790
02-11-2016,2750,2766.9,2774.8
03-11-2016,2776,2765.65,2784
04-11-2016,2761.05,2772,2776
07-11-2016,2773.1,2762.95,2773.1
08-11-2016,2750,2770.85,2788.35
09-11-2016,2805,2813.9,2900
10-11-2016,2809,2801.15,2815
11-11-2016,2788.95,2754.15,2788.95
15-11-2016,2749.95,2741.05,2760
16-11-2016,2740,2737.45,2749.7
17-11-2016,2737,2704.9,2737
18-11-2016,2691,2648.2,2691
21-11-2016,2650.05,2660.35,2669.7
22-11-2016,2659.9,2670.95,2679.95
23-11-2016,2652.6,2674,2679.95
24-11-2016,2650.95,2665.6,2670.5
25-11-2016,2635,2634.3,2649.95
28-11-2016,2650,2655.95,2665
29-11-2016,2650,2654.35,2658.8
30-11-2016,2651,2645.65,2664.95
01-12-2016,2638.9,2616.2,2638.9
02-12-2016,2605,2594,2623.35
05-12-2016,2605.55,2583.45,2610
06-12-2016,2599,2591.6,2599
07-12-2016,2585,2582.2,2592.25
08-12-2016,2599,2590.6,2685.5
09-12-2016,2588,2573.4,2589
12-12-2016,2569.95,2566.1,2585.85
13-12-2016,2564.5,2557.9,2579.7
14-12-2016,2609.1,2552.55,2634.6
15-12-2016,2544,2529.5,2544
16-12-2016,2530,2500.8,2531.8
19-12-2016,2500.8,2508.7,2520
20-12-2016,2510,2502.75,2514.9
21-12-2016,2501,2501.6,2511
22-12-2016,2495.15,2487.7,2498.95
23-12-2016,2487.7,2486.3,2530
26-12-2016,2536,2500,2536
27-12-2016,2500,2525.15,2538
28-12-2016,2530,2546.9,2550.8
29-12-2016,2546.9,2546.65,2559
30-12-2016,2551.1,2564.6,2569.9
02-01-2017,2559.95,2558.35,2568.85
03-01-2017,2565,2546.15,2565
04-01-2017,2555.15,2583.25,2588.9
05-01-2017,2575.55,2598.25,2605
06-01-2017,2605,2598.4,2610
09-01-2017,2598,2604.5,2610
10-01-2017,2605.5,2614.8,2624.95
11-01-2017,2615,2633.7,2640
12-01-2017,2640,2651.35,2658
13-01-2017,2640,2645.05,2650
16-01-2017,2646,2659.2,2667
17-01-2017,2661,2679.9,2688.6
18-01-2017,2670,2685.65,2710
19-01-2017,2684.8,2666.3,2684.8
20-01-2017,2667.1,2668.8,2678.9
23-01-2017,2675,2666.45,2684
24-01-2017,2668.05,2666.25,2676
25-01-2017,2666.25,2652.1,2666.25
27-01-2017,2627,2621.5,2645
30-01-2017,2650,2607,2650
31-01-2017,2628.85,2630.7,2638.75
01-02-2017,2630,2643.35,2659.7
02-02-2017,2644.9,2654.5,2667.95
03-02-2017,2654,2644.4,2654.55
06-02-2017,2645,2653.7,2674.2
07-02-2017,2661,2688.15,2692.9
08-02-2017,2676.05,2694.25,2700
09-02-2017,2694.25,2683.7,2695
10-02-2017,2661.2,2653.1,2663.85
13-02-2017,2656.55,2645.65,2664.95
14-02-2017,2644.85,2658.4,2665.05
15-02-2017,2665,2648.4,2665
16-02-2017,2655.15,2668.35,2677.4
17-02-2017,2662.2,2686.4,2689
20-02-2017,2684.95,2677.45,2684.95
21-02-2017,2670,2659.05,2677
22-02-2017,2670,2687.7,2692
23-02-2017,2684.95,2686.65,2689.7
27-02-2017,2700.15,2707.8,2716
28-02-2017,2700.05,2702.15,2710.7
01-03-2017,2708,2693.2,2708
02-03-2017,2694,2686.7,2697.95
03-03-2017,2683,2661.85,2683
06-03-2017,2670,2673.65,2679.35
07-03-2017,2670,2656.15,2670
08-03-2017,2652.2,2629.25,2656.1
09-03-2017,2630,2624.6,2630
10-03-2017,2618.8,2611.3,2618.85
14-03-2017,2614.8,2595.85,2614.8
15-03-2017,2594,2562.85,2595
16-03-2017,2600,2596.25,2604.45
17-03-2017,2604.85,2598.95,2609.6
20-03-2017,2610,2605,2612.9
21-03-2017,2602,2606.15,2608
22-03-2017,2650,2634.8,2650
23-03-2017,2634,2638.3,2644.95
24-03-2017,2630,2633.6,2636.75
27-03-2017,2645.15,2642.7,2648
28-03-2017,2644.8,2633.2,2644.8
29-03-2017,2650,2628.8,2650
30-03-2017,2630,2626.9,2634.9
31-03-2017,2624,2612.85,2624
03-04-2017,2620,2608.25,2627.85
05-04-2017,2675,2637.1,2675
06-04-2017,2635.15,2639.25,2645
07-04-2017,2655.15,2651.4,2664.7
10-04-2017,2639.85,2621.05,2643.85
11-04-2017,2620.05,2626.05,2639.7
12-04-2017,2650,2660.05,2669.95
13-04-2017,2665.15,2677.9,2682
17-04-2017,2689.95,2680.45,2694.7
18-04-2017,2678,2679.45,2684.65
19-04-2017,2700,2668.15,2700
20-04-2017,2664.05,2668.45,2673.8
21-04-2017,2670,2676.85,2684.4
24-04-2017,2674.85,2654.9,2674.85
25-04-2017,2664,2649.25,2664
26-04-2017,2660,2633.95,2660
27-04-2017,2632.95,2633.3,2639.9
28-04-2017,2633,2640.55,2654.9
02-05-2017,2639.95,2617.85,2639.95
03-05-2017,2619.85,2611.05,2621.85
04-05-2017,2599.95,2580.45,2604
05-05-2017,2579,2592.4,2609.5
08-05-2017,2653.05,2572.05,2653.05
09-05-2017,2566.05,2570.55,2578.8
10-05-2017,2570,2567.45,2571.75
11-05-2017,2567,2551.9,2577.85
12-05-2017,2552,2555.55,2560.05
15-05-2017,2554,2558.55,2564.8
16-05-2017,2558.5,2561.75,2564
17-05-2017,2570,2579.8,2581.65
18-05-2017,2598,2632.5,2637.45
19-05-2017,2620.55,2622.75,2624.85
22-05-2017,2604.5,2618.65,2622.7
23-05-2017,2626.1,2638.6,2643
24-05-2017,2638,2624,2638
25-05-2017,2620.15,2611.65,2629.95
26-05-2017,2612.3,2630.85,2635
29-05-2017,2628,2629.6,2634
30-05-2017,2630.15,2629.35,2641.45
31-05-2017,2628.5,2618.45,2628.5
01-06-2017,2630,2629.15,2639
02-06-2017,2624.95,2617.95,2625.85
05-06-2017,2631.15,2653.55,2657.95
06-06-2017,2654,2667.2,2671.9
07-06-2017,2668,2662.95,2674.9
08-06-2017,2659.9,2655.95,2659.9
09-06-2017,2640,2635.65,2640
12-06-2017,2634.5,2631.15,2634.5
13-06-2017,2632,2622.45,2633.3
14-06-2017,2650,2621.25,2650
15-06-2017,2618,2616.7,2619.95
16-06-2017,2613.05,2610.65,2617
19-06-2017,2609.85,2601.65,2609.85
20-06-2017,2599.7,2598.15,2602
21-06-2017,2610,2606.8,2619
22-06-2017,2611,2610.45,2614.8
23-06-2017,2610,2612.3,2615
27-06-2017,2607,2607.55,2614
28-06-2017,2620,2599.2,2620
29-06-2017,2597,2583.6,2605.95
30-06-2017,2590,2576.9,2597
03-07-2017,2574.95,2567.9,2583.45
04-07-2017,2559.9,2543.95,2564.8
05-07-2017,2560,2541.45,2560
06-07-2017,2545,2547.65,2554.4
07-07-2017,2548,2538.9,2548
10-07-2017,2531.1,2509.9,2531.1
11-07-2017,2511,2515.5,2523.5
12-07-2017,2525,2520.95,2533.95
13-07-2017,2520.05,2522.15,2529.45
14-07-2017,2520,2518,2521.5
17-07-2017,2528.15,2537.25,2541.9
18-07-2017,2540.15,2545.35,2551.8
19-07-2017,2560,2550.3,2560
20-07-2017,2550.3,2547.25,2551.25
21-07-2017,2549.5,2561.2,2566
24-07-2017,2572,2578.15,2581.5
25-07-2017,2577.8,2567.65,2579.25
26-07-2017,2580,2556.5,2580
27-07-2017,2568.5,2577.3,2583.9
28-07-2017,2577.15,2565.45,2577.15
31-07-2017,2575,2571,2578.95
01-08-2017,2580,2565.7,2580
02-08-2017,2575,2560.95,2575
03-08-2017,2555,2554.6,2557.6
04-08-2017,2556.65,2581,2584
07-08-2017,2575.5,2555.35,2575.5
08-08-2017,2556.3,2558.75,2564.9
09-08-2017,2581,2577.15,2582
10-08-2017,2585.3,2596.35,2607.8
11-08-2017,2608.8,2621.9,2626.5
14-08-2017,2625,2603.3,2625
16-08-2017,2601,2578.15,2610
17-08-2017,2601,2614.5,2618.7
18-08-2017,2614.5,2623.2,2630
21-08-2017,2623.2,2601.25,2623.2
22-08-2017,2597,2596.5,2611.8
23-08-2017,2604.5,2599.2,2604.5
24-08-2017,2599.2,2600.7,2604.55
28-08-2017,2602.5,2629.25,2632.85
29-08-2017,2650.05,2682.75,2692.9
30-08-2017,2668,2662.5,2669.8
31-08-2017,2645.2,2652.6,2657.9
01-09-2017,2669,2681.85,2684.8
04-09-2017,2691,2712.8,2725
05-09-2017,2749.9,2704.75,2774.9
06-09-2017,2730,2728.15,2731
07-09-2017,2710.05,2716.95,2720
08-09-2017,2725,2731.6,2741.15
11-09-2017,2733,2708.65,2733
12-09-2017,2698,2694.75,2699.9
13-09-2017,2725,2707.05,2725
14-09-2017,2699.35,2690.05,2699.8
15-09-2017,2697,2698.35,2711.9
18-09-2017,2698,2675.9,2698
19-09-2017,2670,2673.6,2675
20-09-2017,2680,2685,2687.95
21-09-2017,2669.7,2670.5,2674
22-09-2017,2678.5,2672.15,2693
25-09-2017,2675,2675.95,2681.9
26-09-2017,2700.05,2705.8,2729.95
27-09-2017,2698.5,2686.9,2698.5
28-09-2017,2688.5,2671.95,2700
29-09-2017,2672,2666.25,2676.5
03-10-2017,2670,2658.35,2670
04-10-2017,2670,2653.2,2670
05-10-2017,2651,2647.7,2653.95
06-10-2017,2647.7,2640.9,2648
09-10-2017,2656.8,2669.3,2678.85
10-10-2017,2663.5,2676.3,2680
11-10-2017,2675,2684.15,2689
12-10-2017,2685.15,2695.05,2698
13-10-2017,2700,2696.55,2702.95
16-10-2017,2696,2689.35,2704.9
17-10-2017,2689,2679.05,2689
18-10-2017,2690,2660.35,2690
19-10-2017,2685,2687.35,2700
23-10-2017,2686.5,2655.45,2686.5
24-10-2017,2660,2651.65,2664.95
25-10-2017,2654.5,2646.75,2654.7
26-10-2017,2640.05,2643.15,2653
27-10-2017,2636,2627.65,2640
30-10-2017,2627.1,2627.9,2636.75
31-10-2017,2630.5,2637.15,2644.35
01-11-2017,2650,2633.55,2650
02-11-2017,2633,2627.95,2637.7
03-11-2017,2630,2627.1,2631.5
06-11-2017,2623.9,2615.05,2624
07-11-2017,2627.1,2639.05,2644.4
08-11-2017,2650,2641.65,2650
09-11-2017,2645.85,2643.7,2648.9
10-11-2017,2645.05,2652.95,2654.95
13-11-2017,2650.5,2650.75,2654.8
14-11-2017,2650,2643.15,2654.95
15-11-2017,2660,2657.6,2662.95
16-11-2017,2650.15,2641.25,2653.9
17-11-2017,2640,2646.45,2649.95
20-11-2017,2651.8,2667.6,2670
21-11-2017,2652.8,2644.5,2652.8
22-11-2017,2644,2645.95,2650
23-11-2017,2660,2649.9,2660
24-11-2017,2650,2653.4,2657.9
27-11-2017,2664.95,2649.35,2664.95
28-11-2017,2650.15,2648.25,2653.9
29-11-2017,2670,2650,2670
30-11-2017,2644,2630.05,2646
01-12-2017,2625,2624.65,2626.95
04-12-2017,2658,2611.85,2658
05-12-2017,2612,2617.4,2620
06-12-2017,2617,2605.65,2617
07-12-2017,2600.05,2588.95,2604.4
08-12-2017,2579.85,2563.2,2588
11-12-2017,2563.2,2564.55,2570.95
12-12-2017,2559.85,2563.8,2568.5
13-12-2017,2569.85,2553.5,2569.85
14-12-2017,2561.8,2574.55,2587.75
15-12-2017,2573.85,2564.4,2573.9
18-12-2017,2565,2563.25,2573.95
19-12-2017,2565.6,2572.15,2577.9
20-12-2017,2579,2574,2579
21-12-2017,2575,2575.45,2584
22-12-2017,2579,2579.45,2582
26-12-2017,2582.5,2600.3,2609
27-12-2017,2610,2616.55,2619
28-12-2017,2620.15,2637.25,2641
29-12-2017,2639.8,2626.8,2639.8
01-01-2018,2630.8,2643.6,2649.7
02-01-2018,2649,2646.15,2651.7
03-01-2018,2660,2646.3,2660
04-01-2018,2640,2639.7,2643
05-01-2018,2644.3,2643.95,2651.9
08-01-2018,2650.95,2647.05,2650.95
09-01-2018,2643,2653.9,2659.95
10-01-2018,2670,2651.95,2670
11-01-2018,2655.2,2661.8,2665.5
12-01-2018,2663,2678.25,2681
15-01-2018,2683.8,2694.9,2698.25
16-01-2018,2690,2705.15,2714
17-01-2018,2720,2701.45,2720
18-01-2018,2694.85,2682.9,2695
19-01-2018,2680,2694.7,2697.8
22-01-2018,2695,2690.1,2700
23-01-2018,2695.4,2699.55,2702
24-01-2018,2725,2713.4,2725
25-01-2018,2721,2733.3,2745.05
29-01-2018,2718.15,2714.55,2722.85
30-01-2018,2700,2714.75,2720
31-01-2018,2720,2708.9,2720
01-02-2018,2708.9,2714.25,2722.95
02-02-2018,2725.1,2735.5,2749.4
05-02-2018,2723.9,2718.45,2724.85
06-02-2018,2731.05,2736.55,2749.5
07-02-2018,2728.95,2710.05,2728.95
08-02-2018,2699.85,2678.35,2699.85
09-02-2018,2695,2694.15,2703.75
12-02-2018,2700,2700,2711.45
14-02-2018,2720,2713.1,2723.8
15-02-2018,2735,2747.25,2749.9
16-02-2018,2747,2763.4,2766
19-02-2018,2759.9,2756.85,2760.95
20-02-2018,2756,2750.3,2756
21-02-2018,2740,2731.45,2740
22-02-2018,2731.85,2729.25,2732
23-02-2018,2733.5,2731.5,2739.8
26-02-2018,2734.65,2746.15,2747.95
